url,address,email,phone
https://www.embcmonroe.org,,embcmonroe@gmail.com,+1 704-283-6342
https://www.sk4designs.com,,INFO@SK4DESIGNS.COM,970-729-8080
https://www.draftingdesign.com,,,
https://www.beerock.com,,,
https://www.cabwhp.org,,412-1828wellwoman@cabwhp.org,
https://www.dillonmusic.com,,,732-634-3399
https://www.societyfortheblind.org,,,
https://www.perfectsearchinc.com,,,
https://www.wyandottewinery.com,,info@wyandottewinery.com,614-476-3624
https://www.clubk-9.com,,,
https://www.katerisyracuse.com,,,
https://www.triplecrownconstruction.com,,,
https://www.wildandwanderful.com,,,
https://www.casepaper.com,,,
https://www.richardbrothersfinancial.com,,,207 879 2352
https://www.paramountlandtitle.com,,,865-288-0177
https://www.aiwoodwork.com,,,
https://www.oauconsulting.com,,,
https://www.glacier.chat,,KitsContacthello@glacier.chatVisitNational,
https://www.your-doctor.org,,office@myclinico.comName,4323048-71
https://www.seniorcareagencyny.com,,Hymanshomecareagency@yahoo.com,516 520 0800
https://www.plentyconsulting.com,,,
https://www.newandblue.com,,admin@newandblue.com,
https://www.animaledzoocation.com,,,
https://www.seforensic.com,,,
https://www.persianbijar.com,,,1-844-650-0011
https://www.medhomeplus.org,,info@medhomeplus.org,
https://www.yuppypuppyboutique.com,,atShop@yuppypuppyboutique.comFacebookTwitter,715-797-4743
https://www.isberg-nott.com,,,732 - 1667
https://www.stmatthewmedina.org,,office@stmatthewmedina.org,330-725-8885
https://www.georgebrownphotography.com,,info@georgebrownphotography.Copyright,
https://www.atlasuhv.com,,,
https://www.rockvilledwiattorney.com,,BD@cantonbio.com,020-31800171-803
https://www.atlanticbeach-nc.com,,tab@atlanticbeach-nc.com,252 726-2121
https://www.kiddsmith.com,,sales@kiddsmith.com,864-316-6611
https://www.dakotamanagement.com,,,
https://www.jackiescleaning.com,,,
https://www.purcellvilledental.com,,,2023-08-16
https://www.fcllp.com,,,212-644-4420
https://www.artofthelakes.org,,aotl@arvig.net,
https://www.songfest.us,,Directorsongfestus@gmail.comSongFest,
https://www.namastereiki.com,,,516 672 4754
https://www.hugsforhealing.org,,,
https://www.allenvillagejewelers.com,,USAraziarn@yahoo.com,678-4521190
https://www.ipanex.com,,info@ipasystems.com,215-425-6607
https://www.sboji.com,,,
https://www.panniergraphics.com,,marketing@pannier.com,
https://www.events2atee.com,,Therese@events2atee.com,716 868-8868
https://www.roensalvage.com,,info@roensalvage.com,
https://www.marbenbland.com,,6083581309marben@marbenbland.com,6083581309
https://www.onefinedayproductions.com,,,608-850-2793
https://www.hennejewelers.com,,,1-412-682-0226
https://www.appwinit.com,,support@appwinit.com,1-888-839-4648
https://www.millerindustrial.com,"621 E. Devon Ave, Elk Grove Village, IL 60007",sales@millerindustrial.com,847-616-8002
https://www.melaniericcardi.com,,,
https://www.achieveservices.net,,,770-435-1198
https://www.billproctorandassociates.com,,,
https://www.habeggercorp.com,,,
https://www.pridescholarships.com,,,
https://www.thegrindcoffeebar.com,,filler@godaddy.comMy,813-749-7533
https://www.aaronsantosdentistry.com,,,408-356-6033
https://www.itconductor.com,,,
https://www.acaletics.net,,customerservice@acaletics.com,866-877-1222
https://www.lifebalancesports.com,,,
https://www.mid-america.com,,services.info@mid-america.comGo,
https://www.firstchoicemech.com,,,1541546217
https://www.easolutions.net,,,
https://www.onlinemarketingmuscle.com,,,
https://www.goldridgecompanies.com,,,715-832-5575
https://www.luxuryhomecouncil.com,,,
https://www.sellersconstruction.net,,,
https://www.enidmad.org,,differencemaker@enidmad.orgOFFICE,580-233-5900
https://www.able-plumbing.net,,,6854725902288598465
https://www.weddingphoto-video.com,,,
https://www.washingtonareafuelfund.org,,,
https://www.chcseia.com,,,319-768-5858
https://www.zaplingstudios.com,,,
https://www.gipreit.com,,contact@gipreit.com,
https://www.takearax.com,,talkinfo@takearax.comName,
https://www.floridaorchestra.org,,,85-8012557655
https://www.cityvisions.com,,,
https://www.luckyprints.com,,Info@LuckyPrints.com,773-687-8996
https://www.anikadenise.com,,,
https://www.devact.com,,,704-377-5242
https://www.wickedislandbakery.com,,WICKEDISLANDBAKERY@GMAIL.COMThis,
https://www.tmgi.net,,info@tmgi.net,2023-07-10
https://www.obgyngroup.com,,,
https://www.royersford.com,,,610-935-7200
https://www.selnertreeshrubcare.com,,info@selnertreeshrubcare.com,
https://www.barmarketingbasics.com,,602-540-0128erik@barmarketingbasics.com,+602-540-0128
https://www.maguirechevroletcadillac.com,,,
https://www.rokkan.com,,hello@razorfish.com,
https://www.stmindustries.com,,sales@stmindustries.comContactWhy,813-854-3544
https://www.sczc.org,,contact@sczc.org,
https://www.fott.org,,filler@godaddy.comMy,
https://www.msland.com,,,
https://www.drpierrerousse.net,,,770-662-8937
https://www.jjastorsrestaurant.com,,,
https://www.andersrice.com,,,254-35111428
https://www.blackbookmarketresearch.com,,Research@BlackBookMarketResearch.com,727-222-5656
https://www.sjcadets.org,,admissions@sjcadets.org,
https://www.biblebee.org,,info@biblebee.org,
https://www.securecdp.com,,,
https://www.suralink.com,,,3554001334
https://www.wayco.com,,,951-699-6000
https://www.clovispointsolutions.com,,,
https://www.ksafe.com,,keepsafe@ksafe.com,
https://www.youthchallengesports.com,,,440-892-1001
https://www.eyewitnessforlife.org,,eyewitnessmilwaukee@gmail.com,414-462-5483
https://www.alwaysmovingandrelocation.org,,,1-844-266-5267
https://www.brmins.com,,info@brmins.com,800-510-1095
https://www.juiceshop.com,,,
https://www.ccaltd.com,,,
https://www.crossroadsretreat.org,,info@crossroadsretreat.orgPhone,
https://www.garagedoorrepair-sierramadre.com,,,626-603-3072
https://www.hinoofcolumbia.com,,dshumpert@loveauto.com,803-518-1989
https://www.summitdebate.com,,info@summitdebate.com,554-593-2974
https://www.cherryridgeconstruction.com,,,
https://www.gandwengineering.com,,pageinfo@gandwengineering.comHOMEABOUT,
https://www.goleadingit.com,,,815-308-2095
https://www.athensgop.com,,,706-613-3020
https://www.bridge.legal,,be@boundless.com,
https://www.colts.com,,,
https://www.speedy-pak.com,,,843-238-4020
https://www.forestrylaw.com,,info@colliganlaw.com,
https://www.airspaceconsulting.com,,airspaceconsulting@gmail.comSubmitThanks,
https://www.casaallegra.org,,info@casaallegra.org,415-499-1116
https://www.christsmission.org,,,
https://www.sussexanimalclinic.com,,animalclinicsussex@gmail.com,262-246-5820
https://www.monsterdisplays.com,,,
https://www.pinetreeseafood.com,,,
https://www.tpcsecurity.com,,,
https://www.ehstech.com,,,
https://www.emilyseventsaz.com,,,480-361-1800
https://www.cybersofttechnologies.com,,13012325342info@cybersofttechnologies.com,+13012325342
https://www.promptcaremd.com,,,
https://www.planetbids.com,,,
https://www.studentsuccess.co,,,
https://www.kingkream.com,,,619-818-2384
https://www.argocontact.com,,info@argocontact.com,
https://www.specialtybolt.com,,sales2@specialtybolt.com,+1 413-789-6700
https://www.grablerealestate.com,,HouseBill@GrableRealEstate.comFind,
https://www.tsaworld.com,,,770-417-2323
https://www.enhancedlandscape.com,,greg@enhancedlandscape.com,+1 805 557 2737
https://www.hypnosistrainingnewyork.org,,,877-800-6443
https://www.jobmatic.com,,,
https://www.westcoastseafood.com,,,
https://www.kaleabay.com,,,
https://www.martinselfstorage.com,,,
https://www.treehill.org,7152 Lone Star Road Jacksonville FL 32211,info@treehill.org,
https://www.heavenlysunshine.com,,customerservice@heavenlysunshine.com,
https://www.mbanj.com,,,
https://www.tatankastone.com,,,730-7411  100
https://www.bayareaturf.net,,,925-961-8281
https://www.pakwanrestaurant.com,,,
https://www.bordolay.com,,veggypatch@aol.com,916-985-6434
https://www.decorativeartsbyjep.com,,,
https://www.ncc.us,,info@ncc.us,888-348-4524
https://www.have2020.com,,,
https://www.tricountymustangclub.com,,,
https://www.tristatecontainer.com,,,2023-09-12
https://www.naceyes.com,,,
https://www.manudyn.com,,,+1 416-900-5288
https://www.madmikeandfriends.com,,,
https://www.thedevoregroup.com,,info@thedevoregroup.com,
https://www.gunsafes.com,,,855-248-6723
https://www.customrebuiltcarbs.com,,,2023-01-07
https://www.gardenplaincoop.com,,,1-800-525-7490
https://www.wisr.edu,,mail@wisr.edu,+1 510-655-2830
https://www.tripeek.com,,,1 877-615-4272
https://www.dallasprowebdesigners.com,,,
https://www.northparkpres.org,,info@northparkpres.org,
https://www.a-baldoverhead.com,,,
https://www.sterlingridingacademy.com,,95776530-908-1966Learn2ride@yahoo.com,95776530-908-1966
https://www.spifunds.com,,manager@spifunds.com,908-522-1414
https://www.rybergconstruction.net,,,
https://www.bestnapleshomesearch.com,,,239-777-2966
https://www.adgcreative.net,"7151 Columbia Gateway Dr. Suite B Columbia, MD 21046",info@adgcreative.net,
https://www.jandrcustomwalls.com,,,714-323-1473
https://www.kapitalelectric.com,,,630-833-2389
https://www.taillight.com,,,
https://www.njng.com,,,800-221-0051
https://www.justaminutellc.com,,,
https://www.ekeepersystems.com,,,
https://www.crownpaintinginc.com,,,
https://www.platformq.com,,info@platformq.com,
https://www.accredited-appraisal.com,,,
https://www.mattressplus.tv,,reportfrs@aol.comLOCATIONSHOURS,318-865-6747
https://www.winehausfw.com,,,
https://www.jetinc.net,,,319-294-6106
https://www.flippincritters.com,,,
https://www.intersectionmusic.org,,,
https://www.vitalizechiropractic.com,,,
https://www.cbssquaredinc.com,,861-5226mailinfo@cbssquaredinc.comAboutOur,
https://www.stgcom.com,,,330-482-0500
https://www.bopatelectric.com,"9160 B5 Rumsey Road Columbia , MD 21045 Phone: 410-995-1715 Fax: 410-720-0133",info@bopatelectric.com,410-995-1715
https://www.sorrentoeast.org,,SEPOAinfo@gmail.com,
https://www.dmaa.net,,,
https://www.textbooksolutions.com,,,
https://www.apieceofcake11.com,,orders@apieceofcake11.com,609 846 7748
https://www.portcitygraphics.com,,info@portcitygraphics.com,207 854 0074
https://www.lascruxes.com,,,
https://www.icscomplete.com,,info@techmd.com,
https://www.entosdesign.com,,2222marketing@entosdesign.com,75240972 770 2222
https://www.thecolombygroup.com,,,
https://www.adastra-films.com,,,
https://www.adsdry.com,,claims@adsdry.com,888-898-0699
https://www.dillinghammurphy.com,,,
https://www.shopcapitalhatters.com,,,
https://www.mjobriendesign.com,,mjobriendesign@gmail.com,
https://www.scottyshubcaps.com,,scottyshubcaps@gmail.comMerchandise,716-946-1399
https://www.landco-inc.com,,,
https://www.fm99.com,,pfhelp@tciradio.com,
https://www.bestwebhosting.com,,,1998 - 2024
https://www.patiocomforts.com,,,2001512-494-5450
https://www.inetmotors.com,,,512-213-11522695
https://www.perryridgelandfill.com,,,
https://www.fountainhillsapartments.com,,,
https://www.thecreditpeople.com,,,866-382-3410
https://www.piranhablonde.com,,,206-499-3028
https://www.boccarossainsurance.com,,Tat_Boccins@outlook.comREQUEST,
https://www.sundowninc.org,,,337-456-9205
https://www.janestreetproductions.com,,,
https://www.withouraloha.com,,,808-934-7295
https://www.abmechanical.com,,,866-502-4822
https://www.salvometalworks.com,,salvometalworks@me.com,630-857-36310
https://www.brycsoccer.com,,,
https://www.copyarmy.com,,sales@copyarmy.com,2023-12-05
https://www.stanleyreid.com,,,
https://www.mgtreeservices.com,,info@mgtreeservices.com,
https://www.hullstrategies.com,,anne@hullstrategies.com,
https://www.jdsclubs.com,,jd@jdsclubs.com,
https://www.jenbeckeracupuncture.com,,,
https://www.hebrewfreeloandc.org,,shuli@hebrewfreeloandc.org,53-0227814
https://www.azcrystal.com,,,
https://www.burnsidebrewco.com,,,
https://www.creative-earthscapes.com,,,614-861-6500
https://www.actionfigurefit.com,,actionfigurefit@gmail.combottom,
https://www.crystalcoastnc.org,,,
https://www.sarahssilks.com,,,66666666666667
https://www.soteria.io,,,2014 - 2024
https://www.catapultcreativemedia.com,,,225-590-3310
https://www.lssa2320.org,,,
https://www.smokyhillmuseum.org,,susan.hawksworth@salina.org,
https://www.backefinancial.com,,955-3832normabacke@gmail.comNew,
https://www.socoinstitute.org,,,
https://www.creartiveinc.com,,843-457-7676Pthompson@creartiveinc.comHome,843-457-7676
https://www.jonesgrove.com,,,
https://www.johanningsinc.com,,,
https://www.pproa.org,,pproa@pproa.org,806-352-5637
https://www.sacredspacemiami.com,,,
https://www.whitehallcamp.org,,,
https://www.rbroadconcrete.com,,,716-655-3556
https://www.wingchungainesville.com,,,
https://www.thelargeformatstore.com,,,888-221-7226
https://www.sealwatch.com,,,
https://www.safebasementsinc.com,,,1-888-963-6892
https://www.urbanironcraft.com,,questions@urbanironcraft.com,855-601-1647
https://www.beemlaw.com,,,60606-1787
https://www.shorecorporation.com,,sales@shorecorporation.com,
https://www.centerlinelogistics.com,,chartering@centerlinelogistics.com,
https://www.wichitaacademyofpharmacists.org,,,
https://www.servemenow.org,,florvilking@servemenow.org,
https://www.billysingh.com,,,
https://www.ecocolorssalon.com,,,30324404-875-2620
https://www.arrowgiftshop.com,,arrowgiftshop@gmail.com,
https://www.taabc.org,,361-3920info@taabc.org,
https://www.concrete-canvas.net,,,
https://www.airstreamlosangeles.com,,mhasson@airstreamlosangeles.com,626-285-2222
https://www.tpabenchmark.com,,dawn@hynesassociates.com,516 541 0747
https://www.usourceenergy.com,,,
https://www.alldolly.com,,info@alldolly.com,
https://www.smartwarehousing.com,,,
https://www.pointofdata.com,,,
https://www.fatandjuicy.com,,,
https://www.ces-group.net,,info@ces-group.net,
https://www.mulchandsod.com,,,407-909-1835
https://www.barrywilliamsplumbing.com,,,
https://www.commongroundchildcare.org,,director@commongroundchildcare.org,7034378226
https://www.thomcomm.com,,sct2391@outlook.com,856-425-0743
https://www.poulsbofamilydentistry.com,,,3607797115
https://www.modelgroup.net,,,
https://www.ad-west.com,,Servicesinfo@ad-west.com,
https://www.remingtons.pro,,,
https://www.fundakrines.com,,,2000 - 2015
https://www.monkeybargym.com,,,
https://www.alphapurewater.com,,contact@alphapurewater.comOPENING,1-800-928-3707
https://www.scenicviewcc.com,,golf@scenicviewcc.com,
https://www.ortonceramic.com,,,43086-2760
https://www.happystagger.com,,,
https://www.bcpas.com,,info@bcpas.com,
https://www.dontrecordsmusicgroup.com,,,
https://www.abetterbugman.com,,Emailabetterbugman@aol.comFind,
https://www.alexanderdeiser.com,,,
https://www.txinsight.com,,,512-944-8994
https://www.r-d-p-consulting.com,,rdpconsult@gmail.com,
https://www.optimumcarehomecare.com,"3683 Fettler Park Drive
Dumfries, VA 22554",,703-490-8003
https://www.acmg.net,,,
https://www.adkfragrancefarm.com,,,
https://www.solidrenovations.com,,,843 718 4396
https://www.sardisbaptist.com,,items.sardis@sardisbaptist.com,882-29823602
https://www.yanceyworks.com,,,916-890-1000
https://www.womenwhocode.com,,,
https://www.bigideas.com,"1975 Oakcrest Avenue Roseville, MN  55113",,
https://www.iqfitness.net,,,404-869-8003
https://www.cjmcbride.org,,info@cjmcbrideministries.org,251-943-1615
https://www.aatoppers.com,,,80214 303-237-9872
https://www.magnetpi.com,,,
https://www.trinityairmedical.com,,,
https://www.alexanderfamilybuickgmc.com,,,17815-3126
https://www.itpro.tv,"7525 NW 4th Blvd Gainesville, FL 32607",Us+1-352-600-6900support@acilearning.comofficesUS,+1-352-600-6900
https://www.premierdentalcareofbuckhead.com,"3580 Piedmont Road NE Tuxedo Center Suite 113 Atlanta, GA 30305",,404-236-6906
https://www.lexmundi.com,,,
https://www.hamlinlakeboatrentals.com,,,
https://www.bernsteinsfashions.com,,bernsteinsfashions@verizon.net,
https://www.danashouse.org,,,
https://www.thundermountainharley.com,,,
https://www.marysvillelib.org,"231 S. Plum Street Marysville, OH 43040",,
https://www.goodshepherdofcashiers.com,,goodshepadmin@frontier.com,828-743-2359
https://www.bitcoinzusa.com,,,
https://www.multilayer.com,,,
https://www.cacustomaquariums.com,,,619-786-5150
https://www.oldehomestead.com,,,
https://www.kauffmangas.com,,,610-593-5063
https://www.newportbutane.com,,sales@newportbutane.com,
https://www.erling.com,,,+1-800-324-5000
https://www.outsourcingnetwork.com,,,
https://www.applepiememories.com,,apm@applepiememories.com,847-758-9253
https://www.ferrellaw.com,,mike@ferrellaw.com,703-250-5687
https://www.thevetcenter.com,,Info@TheVetCenter.com,352-727-7633
https://www.horizonconvention.com,,,765-288-8860
https://www.ourbellinis.com,,981-5380info@ourbellinis.com,
https://www.thebluapple.com,,answers@thebluapple.com,801-566-2336
https://www.poly6.com,,,
https://www.reshapelifesciences.com,,,1-844-937-7374
https://www.kleinwoodvision.com,,,832-717-0900
https://www.changemanagementreview.com,,editor@changemanagementreview.com,2024-02-04
https://www.bgcworcester.org,,info@bgcworcester.org,508-754-2686
https://www.oncuestaging.com,,,
https://www.oakandfort.com,,,
https://www.newhomemedia.net,"39 Sage Lane Fredericksburg, VA 22405",info@newhomemedia.net,
https://www.econic.co,,,
https://www.northquabbinforestry.com,,,
https://www.chasepropertyllc.com,,,1-773-465-0323
https://www.demaeng.com,,sales@demaeng.com,+1 314 966 3533
https://www.jamessurdam.com,,,
https://www.idn-inc.com,,,1999 - 2024
https://www.trivan.com,,,
https://www.birminghambuilder.com,,,205-912-7000
https://www.cliosoft.com,,,
https://www.knowlabs.co,,items.ask@knowlabs.co,
https://www.fccmwc.org,,,
https://www.blueoceanvillas.com,,info@blueoceanvillas.comVilla,+1 804 714 8290
https://www.oakhousefilms.com,,,
https://www.sage-research.com,,,
https://www.dellsducks.com,,,608-254-6080
https://www.floridacommercialteam.com,,paul@fctus.comP,305-794-9773
https://www.drdansiegel.com,,,
https://www.chisholmarchitects.com,,,
https://www.jillkonrath.com,,,
https://www.novellasrecycling.com,,,
https://www.miamifloridahomesecurity.com,,,786-325-7867
https://www.trifectamedspanyc.com,,,800 200 1234
https://www.santaclarajumpers.com,,,
https://www.mimovers.org,,director@mimovers.org,317-558-0771
https://www.hancock.k12.ga.us,,31087706-444-5775706-444-7026contactus@hancock.k12.ga.us,31087706-444-5775706-444-7026
https://www.lrgmarketing.com,,,2023-11-07
https://www.mscenteroftidewater.com,,,757-461-5400
https://www.exquisitecarsale.com,,,
https://www.pripo.com,,712-8398pripo@pripo.com,
https://www.andonelect.com,,,1-800-647-9559
https://www.toplinetireandauto.com,,,352-596-6613
https://www.slavkin.net,,,
https://www.moline.com,"Main Office 114 South Central Avenue Duluth, MN 55807 Contact Us",,800-767-5734
https://www.verasoft.com,,,
https://www.laceyoga.com,,laceyseidman@gmail.com,914-475-3132
https://www.glenellynfamilymusicschool.com,,,
https://www.arizonainkstudios.com,,,1996 - 2024
https://www.inter-tax.net,,,
https://www.ranchsystems.com,,,
https://www.folsomshope.org,,,246-99781100
https://www.victoralanphoto.com,,,619-723-6536
https://www.dulichgiaremag.com,,,
https://www.precisioninternational.com,,,
https://www.instituteod.com,,info@instituteod.com,+1 888-574-5265
https://www.ktmtalk.com,,ktmtalk_admin@ktmtalk.com,2000-2007 250
https://www.dentremovalcedarfalls.com,,,
https://www.schoolofcosmeticarts.com,,admin@marcellaellis.com,877-219-2229
https://www.stonehousebaking.com,,,
https://www.jamesdemars.com,,,
https://www.tetonthaivillage.com,,info@tetonthaivillage.com,307-733-0022
https://www.kindlersgemjewelers.com,,,
https://www.littletrendsetter.com,,,
https://www.bobosremi.com,,,
https://www.historicldstours.com,,sterling@historicldstours.comRecent,801-537-8687
https://www.hopeihave.org,,,
https://www.burdelaw.com,,,
https://www.taxprepusa.com,,,
https://www.scoreboardmn.com,,,
https://www.manddbirdfarm.com,,,302-684-410126754
https://www.leathercoatsetc.com,,support@leathercoatsetc.com,
https://www.coxreels.com,,,800-269-7335
https://www.promoviper.com,,States9128509365promoviper@yahoo.com,9128509365
https://www.meditatingentrepreneur.com,,,978-0-9652187-4-0
https://www.silverminemotors.com,,Silverminemotors@gmail.com,
https://www.salesianhigh.org,,info@salesianhigh.org,
https://www.fiba.net,,fibatraining@fiba.netConferences,26272829123456789101112131415161718192021222324252627282930311234567
https://www.billingssecuritycameras.com,,,406-929-2162
https://www.div.energy,,,+1-877-711-1138
https://www.switcheyecenter.com,,info@switcheyecenter.com,313-295-3937
https://www.henges.com,,,314-291-6600
https://www.canceriq.com,,60654info@cancer-iq.com,
https://www.tapestrips.com,,,847-838-3600
https://www.springshare.com,,sales@springshare.com,1-800-451-3160
https://www.teladata.com,,,
https://www.spencercreativegroup.com,,karen@spencercreativegroup.comMail,914 273-9517
https://www.parkwaytoyota.com,,,
https://www.sureleader.com,,,
https://www.bootleggerlasvegas.com,,,736 - 4939
https://www.mojenta.com,,,
https://www.sherinixonteam.com,"The Sheri Nixon Team | Keller Williams 8 Lafayette Place, Suite 203 , Hiton Head Island , SC 29926",,843-301-2688
https://www.synpoly.com,,sales@SynPoly.commail,780 - 8888
https://www.wheelalignmenttorrance.com,,,1-310-534-8974
https://www.harborlightsri.com,,,401-737-6353
https://www.tcors.com,,attorneys@tcors.com,447 - 0335
https://www.stonearchcapital.com,,info@stonearchcapital.com,612-317-2980
https://www.fmsymphony.org,,info@fmsymphony.orgOFFICE,701-478-3676
https://www.gtownradio.com,,,
https://www.jankeco.com,,,
https://www.tradingpinsdirect.com,,,1-866-860-8842
https://www.toandr.com,,,
https://www.ranking-konzept.de,,,
https://www.scadametrics.com,,,
https://www.caribbean-sea.org,,marybeth@caribbean-sea.org,423-413-3298
https://www.rek-ins.com,,,214-228-9774
https://www.usmrc.org,,info@usmrc.org,
https://www.innocon.com,,,
https://www.artslettersandnumbers.com,,,
https://www.silverlakepress.net,,,
https://www.tri-starmechanical.com,,60007-1304847-290-0400service@tri-starmechanical.com,60007-1304847-290-0400
https://www.vbclink.com,,,605-361-8211
https://www.veteransrebuildinglife.org,,,27-3586224
https://www.mimivax.com,,,
https://www.barefootinternational.com,,,
https://www.airservicesco.com,,sales@airservicesco.com,
https://www.deltaglobalinvestments.com,,smayor@deltaglobalinvestments.com,978-779-5361
https://www.thevillahome.com,,,
https://www.shellblack.com,,,
https://www.brooksidechapelfh.com,,,603-382-2233
https://www.turntablelab.com,,,2020 - 2023
https://www.rodneyyoungphotography.com,,rodneyyoungphotography@gmail.com,817-729-3324
https://www.superiordistribution.net,,,
https://www.powertofly.com,,,
https://www.dfrealtors.com,,,
https://www.moviestarjacket.com,,,
https://www.ugrokit.com,,connect@UGrokIt.com,
https://www.atlinkcom.com,,info@atlinkcom.com,1-281-645-6907
https://www.shadowhills.org,,,702-880-7811
https://www.smallgirlspr.com,,bigbiz@smallgirlspr.com,
https://www.warsawwireless.com,,,
https://www.pusd.us,,,
https://www.crossfitrockland.com,,,
https://www.goldak.com,,,
https://www.visitstegen.com,,,573-883-7097
https://www.emsono.com,,,
https://www.armstrongambulance.com,,,
https://www.homebrewing.org,,hops@homebrewing.org,
https://www.photoartsmarin.com,,gleng@photoartsmarin.com,415-450-1079
https://www.boulderbrook.com,,,
https://www.camphillvillage.org,,info@camphillvillage.org,518-329-4851
https://www.ultimaterotator.com,,,
https://www.brycetech.com,,info@brycetech.com,703-647-8078
https://www.nationalforests.org,"National Forest Foundation 27 Fort Missoula Rd. Ste 3 Missoula,
                                    MT
                                    59804-7212 T 406.542.2805 F 406.542.2810",,59804-7212
https://www.mapsautocenter.com,,,
https://www.dcsrvcenter.com,,,
https://www.fairmans.com,,,19380   610-344-9959
https://www.paintingconcepts.com,,,
https://www.endevon.com,,,
https://www.csphotohk.com,,,
https://www.lancastermennonite.org,,,
https://www.canyonviewah.com,,,2021-09-14
https://www.ewingbuildingandcabinets.com,,info@ewingbuildingcabinets.com,
https://www.teamecco.org,,,
https://www.chsoft.com,,,
https://www.cre8group.com,,info@cre8group.com,2021-05-25
https://www.outoftownclothing.com,,ORDERSinfo@outoftownclothing.com,
https://www.theflounderfishcamp.com,"160 Barbado Lane, Spartanburg, SC 29303",,
https://www.heritagelifestyledoors.com,,,303-458-5577
https://www.theswag.com,,stay@theswag.com,
https://www.haightvineyards.com,,,
https://www.eastbaypreschools.com,,,
https://www.milehightattoo.com,,,
https://www.drinkmebeverages.com,,,1 877 797 9003
https://www.greatstatetransmissions.com,,,
https://www.renderplus.com,,,
https://www.upswing.com,,sales@upswing.com,
https://www.theorganicbutcher.com,,,
https://www.joylux.com,,,
https://www.kupferbergcenter.org,,,718-570-0920
https://www.solarlightsandmore.com,,,1546905087
https://www.kuk24.de,,info@kuk24.de,
https://www.tremco-illbruck.com,,,
https://www.cantus-bahn.de,,,
https://www.pastisani.com,,mail@pastisani.com,+49 1732137428
https://www.akzent-personal.de,,,08000 777222
https://www.eurofighter.com,,,
https://www.weinanzeiger.com,,,2024                                    599
https://www.teleclinic.com,,,
https://www.infinity-reisen.com,,info@infinity-reisen.com,+49 711 46952022
https://www.freiberuflervermittlung.de,,,
https://www.scheurer-arbeitsbuehnen.de,,info@scheurer-arbeitsbuehnen.de,+49 71 61-9 14 15 16
https://www.aycan.de,,info@aycan.de,
https://www.cimt.eu,,,
https://www.hopegala.de,,,0228 60 46 90
https://www.binect.de,,info@binect.de,+49 6151 90670
https://www.antenne-bethel.de,,,01520 385 48 61
https://www.gross-fuchs.com,,,
https://www.cortec-neuro.com,,,2024-03-21
https://www.schuhhause.de,,,
https://www.biosicherheit.de,,,
https://www.twt-online-marketing.de,,,
https://www.audiopro.de,,,1998 - 2024
https://www.globalsuccess-club.net,,,
https://www.wissensschule.de,,,
https://www.bdia.de,,info@bdia.de,+49 30 640 779 78
https://www.deutscheip.de,,,
https://www.spectra.de,,,7121 1432-10
https://www.infuu.de,,info@infuu.de,
https://www.app-smart.com,,,2023-11-29
https://www.tanztheater-hanke.de,,,
https://www.erci-fanprojekt.de,,,
https://www.winnerbatterien.de,,,2021-05-28
https://www.itsmgroup.com,,info@itsmgroup.com,49 6135 93340
https://www.kessel.de,,,8456 27-460
https://www.ixenso.com,,mail@iXenso.com,+49 761 5903240
https://www.alegria-seminare.de,,,
https://www.scheu-group.com,SCHEU-DENTAL GmbH Am Burgberg 20 58642 Iserlohn Deutschland,9288-0Mailservice@scheu-dental.comNewsletter,02374 9288-0
https://www.youngtimertrophy.de,,,
https://www.bad-harzburg.de,,,12345678910
https://www.begehbares-glas.com,,,7701 943-0
https://www.quorion.de,,sales@quorion.de,49 362 04 542 0
https://www.trademachines.com,,,+49 211 422737-0
https://www.rapidminer.com,,,
https://www.portraitbox.com,,,2023-10-30
https://www.eventflotte.de,,info@eventflotte.de,02642 99 44 0
https://www.westpharma.com,,,
https://www.tdh.de,,,34 2655 0105 0000 0111 22
https://www.rs-torsysteme.de,,info@rs-torsysteme.de,64 31 95 67
https://www.jovoto.com,,,
https://www.gelbeseiten.de,,,
https://www.meinldrumfestival.com,,info@meinldrumfestival.com,
https://www.fau.eu,,,
https://www.polizeioldtimer.de,,info@polizeioldtimer.de,
https://www.service-design-network.org,,,202420252026202720282029203020312032203320342035203620372038203920402041204220432044
https://www.kmweg.com,,,
https://www.go-east.de,,info@go-east.de,40-896909-0
https://www.pixupmedia.com,,info@pixupmedia.comImpressumDatenschutzKontakt,030 - 4000 61 01
https://www.innovative-pixel.de,,,
https://www.inkota.de,,,30 420 8202-0
https://www.fogra.org,,,
https://www.klickrent.de,,,563 289 2 - 000
https://www.shalom-israel-reisen.de,,info@shalom-israel-reisen.de,02203 912 50
https://www.isdera.com,,,2021022629
https://www.wahretabelle.de,,,2006 - 2024
https://www.malteserjugend-speyer.de,,,79 3706 0120 1201 2200 13
https://www.uds-beratung.de,,,0661-380 25 56
https://www.joest-racing.de,,info@joest-racing.de,+49 6207 94200
https://www.gini.net,,,
https://www.hk-bs.de,,info@hk-bs.de,+49 6897 99904-0
https://www.englishendurance.com,,,
https://www.kamps.de,,,+49 2163 947-700
https://www.esta-pro.org,,,
https://www.data2fact.de,,,
https://www.dirigent-gesucht.de,,info@dirigent-gesucht.de,
https://www.dedeso.com,,,0201-8579000
https://www.bmw-z1.club,,sekretariat@bmw-z1.club,
https://www.ebozon-verlag.com,,info@ebozon-verlag.com,8669 9089989
https://www.talesfromtheinside.com,,,
https://www.academyconsult.de,,Projektanfragenvorstand.kundenbetreuung@academyconsult.de,89 381686580
https://www.checkdomain.de,,support@checkdomain.de,
https://www.mobexo.de,,,234 62 20 94 01
https://www.nabu.de,,NABU@NABU.de,28 49 84-0
https://www.systeme24.de,,,
https://www.cbm.org,,,
https://www.science-on-stage.eu,,info@science-on-stage.eu,+49 30 400067-40
https://www.solaranlagen-portal.de,,,
https://www.minespider.com,,Enquirieshello@minespider.comBaarerstrasse,
https://www.mdrconsulting.com,,,
https://www.landmark-fine-travel.de,,info@landmark-fine-travel.de,+49 221 17 000 790
https://www.helloclue.com,,,032024-02-29 16
https://www.franken-consulting.org,,,2024-03-01
https://www.skalar.marketing,,,
https://www.bioanalyt.com,,contact@bioanalyt.com,3328-35150-00
https://www.golocal.de,,,
https://www.ammt.com,,,
https://www.fusionchef.de,Julabo GmbH Gerhard-Juchheim-Strasse 1 77960 Seelbach/Germany,info@fusionchef.de,+49 7823 51-170
https://www.campingshop-24.de,,info@campingshop-24.de,
https://www.salz-mischer.de,,hallo@salz-mischer.de,+49 7271 9521161
https://www.bettmer.de,,,1688000160274406976-72413655527326767
https://www.devk.de,,,
https://www.teamwire.eu,,,891 222 199 21
https://www.erfolgx.de,,,195176195177195169
https://www.running-wild.de,,,
https://www.intergral.com,,,+49 7031 986 9003
https://www.brotfabrik-berlin.de,,karten@brotfabrik-berlin.de,4700 42 28
https://www.dailyme.de,,,
https://www.vermes.com,,,8024 644-0
https://www.sebastian-klammer.de,,anfrage@sebastian-klammer.de,+49 179 1215 318
https://www.rapidmail.de,,,
https://www.nittardi.com,,info@nittardi.com,+39 057 774 0269
https://www.realcube.com,,,
https://www.strateco.group,,info@strateco.deKarriere,6172 - 99 59 500
https://www.stadionwelt.de,,,
https://www.partitions-musicales.net,,,
https://www.decaconnect.com,,,
https://www.jkstein.de,,,
https://www.skoobe.de,,service@skoobe.de,+49 89 2429267-0
https://www.cheatbook.de,,,
https://www.bundesjugend.de,,info@bundesjugend.de,52-2365-435
https://www.g-m-m.de,,post@g-m-m.de,+49 89 620 99 26 50
https://www.werhatoffen.de,,,
https://www.twintecgroup.com,,,
https://www.frankfurt-holm.de,,info@frankfurt-holm.de,+49 69 240070-0
https://www.eve-images.com,,,
https://www.trankvile.com,,office@trankvile.com,
https://www.kiwi-consulting.de,,,07134 510 395
https://www.schuberth.com,,,
https://www.smartray.com,,,8171 9683 400
https://www.sinoian.com,,,
https://www.dus.com,,,
https://www.digitalcoregraphics.de,,,+49 4421 370 92 95
https://www.postproductions.de,,,
https://www.daa-wirtschaftsakademie.de,,info@daa-wirtschaftsakademie.de,0 211 1793730
https://www.onventis.de,,,
https://www.krups.com,,,
https://www.voon.de,,,02182 8217-0
https://www.malteser-wetzlar.de,,wetzlar@malteser.org,06441 94940
https://www.ifw-dresden.de,,,
https://www.lisekruegerbarth.com,,,
https://www.enablesecurity.com,,,
https://www.sams-think-special.de,,k.sams@sams-think-special.deMon,+49 89 740064-0
https://www.franzel.de,,tobias@franzel.de,
https://www.leanport.de,Ihr Ansprechpartner: Elisa Müller 49(0) 30 588 48 120 kontakt@leanport.de,Kontakt@leanport.de,30-588-48-120
https://www.invesdor.de,,,30 364 28 57 0
https://www.dresden-onlineshop.de,,service@dresden-onlineshop.de,0351 7999 29 11
https://www.frings.com,,,
https://www.neuhauspartners.com,,,
https://www.inside-digital.de,,,0157 53024990
https://www.mowaii.com,,inspiration@mowaii.com,+49 171 549 5009
https://www.wiverndigital.com,,,
https://www.berliner-unterwelten.de,,,20242023202220212020201920182017201620152014201315
https://www.stefanhobmaier.com,,,
https://www.kuechenstud.io,,,
https://www.drehmoment-gmbh.de,,,
https://www.oezgen-senol.de,,kontakt@oezgen-senol.de,
https://www.horze.eu,,customerservice@horze.com,+49 661 966 94103
https://www.hirschberg-sauerland.de,,,
https://www.gpmoto.de,,,2021-01-11
https://www.weddingcam.de,,,
https://www.igo-werbeartikel.de,,info@igo-werbeartikel.deBei,02152 896 125
https://www.fct-akademie.com,,,2222 989 987-2
https://www.zahlungsvereinbarung.com,,,
https://www.theatermakeup.de,,,
https://www.ackee.cz,,,
https://www.haasehof.de,,,04282-5577
https://www.element.de,,cv@element.de,
https://www.jazzradio.net,,,
https://www.eps-personal.org,,tuttlingen@eps-personal.de,1273452616
https://www.renereif.de,,,
https://www.stein-automation.de,,,+49 7728 64485 - 0
https://www.mp-gruppe.de,,,+49 531 256 02 0
https://www.gargiulo.de,,info@gargiulo.de,7473 - 9438-0
https://www.aetka.de,,,
https://www.dkou.org,,,
https://www.pixelboxx.com,,info@pixelboxx.de,+49 231 53463-0
https://www.goettfert.de,,info@goettfert.de,62 81 408 - 0
https://www.delphin.com,,info@delphin.de,2204 97685-0
https://www.studio-ahoi.de,,,
https://www.dectomusic.com,,,
https://www.wunderstudios.com,,info@wunderstudios.com,
https://www.gmx.net,,,
https://www.swfr.de,,info@swfr.de,
https://www.tophotelprojects.com,,,
https://www.billiger-mietwagen.de,,,567 999 11
https://www.sync.blue,,,
https://www.kunstverein-bielefeld.de,,kontakt@kunstverein-bielefeld.de,
https://www.perfekt-dienstleistungen.com,,856info@perfekt-dienstleistungen.com,77 41 - 68 69 - 570
https://www.csu.de,,,
https://www.smiletrain.de,,,300 308 80
https://www.innoactive.io,,,
https://www.ngn-europe.com,,,
https://www.microtool.de,,,
https://www.amex-sanivar.com,,support@amex-sanivar.com,203 935 111 40
https://www.sprachrausch.com,+49 251 982 980 50,else@sprachrausch.com,+49 251 982 980 50
https://www.dirkbecker-entertainment.de,,,0221 - 9681060
https://www.appel.de,,,
https://www.marco-arena.de,,,
https://www.sysy.com,,sales@sysy.com,
https://www.bos-buero.de,,,+49 2261 8102-0
https://www.tobaccofreeliving.org,,tobaccofreeliving@lphi.org,
https://www.hotel-badischerhof-badenbaden.de,,,11121314151617
https://www.zahnarzt.ac,,,
https://www.pikasslifestyle.com,,kontakt@pikasslifestyle.com,+49 6202 5907800
https://www.consulegis.com,,consulegis@consulegis.com,+49 152 36381171
https://www.leagasdelaney.de,,dbi@ldhh.de,
https://www.care.de,,,93 3705 0198 0000 0440 40
https://www.cellsystems.eu,,info@cellsystems.de,2024-01-26 11
https://www.epo.org,,,
https://www.thedailyjournalist.com,,,
https://www.german-pellets.de,,,03841-303060
https://www.hundekoerbchen-kaufen.de,,,
https://www.moberries.com,,partners@moberries.com,
https://www.y-square.de,,55info@y-square.deImpressum,+49 7666 901 90 55
https://www.ludwigtype.de,,,
https://www.ferrostaal.com,,,
https://www.nature-trails-events.de,,Deutschland01627937926info@nature-trails-events.deUSt,01627937926
https://www.pwc.de,,,
https://www.papiernetz.de,,claudia.mueller@papiernetz.de,030 288 758 14
https://www.integrationmatters.com,,office@integrationmatters.com,
https://www.hotelcult.de,,info@hotelcult.de,69 962 446 0
https://www.master-vergleich.com,,,
https://www.signavio.com,,,
https://www.evoloop.com,,,
https://www.awchamburg.org,,info@awchamburg.org,13 04 0520104
https://www.nugzblacky.com,,,
https://www.mobi-test.de,,,
https://www.m-cube.de,,,
https://www.filmconfect.com,,info@filmconfect.de,331 70 62 601
https://www.horst-busch.de,,,
https://www.k-konzept.de,,.froemelt@k-konzept.de,+49 5231 9272-64
https://www.sumuphosting.com,,,
https://www.nextevolution.de,,,
https://www.compiricus.com,,sales@compiricus.com,2024-01-17
https://www.kalthoff-kollegen.de,,,2064 41200
https://www.werbemax.de,,info@werbemax.de,+49 8075 9140-0
https://www.casino-poker-manager.com,,,
https://www.mitsicherheitbesser.de,,,
https://www.charcotfootcourses.org,,info@cap-partner.eu,+45 70 20 03 05
https://www.mercoline.de,,30-436589-0kontakt@mercoline.de,+49 30-436589-0
https://www.malteserjugend-trier.de,,,
https://www.das-beste-in-frankreich.de,,,+49 231 79 79 21 21
https://www.elitegermanshepherds.com,,EliteGSD@yahoo.com,512-767-4000
https://www.genver.de,,info@genver.de,2863-95697-90
https://www.lichtundschatten-3d.de,,kontakt@lichtundschatten-3d.de,2294 992547
https://www.viereck-hydraulik.com,,,+49 4121 4778-0
https://www.poison-berlin.com,,,
https://www.kulmens.de,,info@kulmens.de,192-19384028
https://www.marsheproductions.com,,info@marsheproductions.com,+49 152 317 259 79
https://www.bembeltown.de,,,069-90 55 06 13
https://www.demoup-cliplister.com,,contact@demoup-cliplister.com,+49 431 220 20 0
https://www.paintballpark.de,,,
https://www.tacalyx.com,,,
https://www.360t.com,,,
https://www.leon-nanodrugs.com,,info@leon-nanodrugs.com,89 41 42 48 89-0
https://www.ux3d.io,,,
https://www.onlineprinters.com,,,
https://www.junges-uno-netzwerk.de,,,27 - 10969
https://www.flugsam.de,,426info@flugsam.deANFRAGE,45 000 426
https://www.max-planck-innovation.com,,19-99info@max-planck-innovation.de,+49 89 29 09 19-0
https://www.holidu.com,,,
https://www.verbio.de,,,
https://www.elsa-frankfurt.de,,,355 55 34 56 57
https://www.brainseeker.de,,tom.heinkel@brainseeker.deANFRAGEKarriereKARRIEREBewerben,176 155 155 60
https://www.atrium2000.com,,,
https://www.container-xchange.com,,,+49 40 808133747
https://www.kwon.com,,,
https://www.ego4u.com,,,
https://www.bishop-gmbh.com,,application@bishop-gmbh.comENGLISH,866 258 10
https://www.software-architecture-camp.de,,,
https://www.opencore.com,,info@opencore.com,+49-69-77044763
https://www.lalelu.de,,,
https://www.friedrichskoog.de,,info@friedrichskoog.de,4854 219010
https://www.vsb.energy,,,
https://www.fame-creativelab.com,,info@fame-creativelab.com,+49 69 24 75 61 84
https://www.amparex.com,,,
https://www.mwaysolutions.com,,,
https://www.eqs.com,,,
https://www.bzweic.de,,info@bzweic.de,1 2 3 4 5 6 7 8 9 10
https://www.photokina.de,,,
https://www.heilfastentherapie.com,,,
https://www.xtrasystem.com,,xs@xtrasystem.com,
https://www.e-breuninger.de,,,
https://www.jds-sommer.de,,,
https://www.klingel-med.de,,,+49 7231 6519-0
https://www.connectivisten.de,,info@connectivisten.de,69 3486 8080
https://www.novostrat.com,,287contact@novostrat.com,+353 61 339 287
https://www.venista-ventures.com,,,
https://www.ppro.com,,,2022-10-06 13
https://www.horizonttours.de,,,
https://www.geco-event.com,,florian@geco-event.com,+49 621 86196 222
https://www.caddycool.com,,kontakt@caddycool.com,
https://www.sauber-man.com,,,08996061345
https://www.praktiker.de,,,
https://www.m-und-h.de,,,+49 30 311889-0
https://www.schwimmbad-schmierer.de,,service@schwimmbad-schmierer.de,0711-900516-25
https://www.createmeaning.com,,,
https://www.myrkothum.com,,,
https://www.per4med.de,,info@per4med.de,30 35 1 35 450
https://www.purchaze.com,"Streetstore: Dietrichsfelder Straße 17, 26607 Aurich ‐ Germany",info@purchaze.de,0049 49 47
https://www.hausambergshepherds.com,,info@hausambergshepherds.com,+1 352-999-3004
https://www.innovative-navigation.de,,,7154 807 150
https://www.schlafenderhase.com,,,+49 69 24 44 810
https://www.kellerkommando.de,,,
https://www.markengold.de,,info@markengold.de,49 30 - 219 159 60
https://www.zeninvest.de,,,
https://www.poggemoeller.co,,info@poggemoeller.co,+49 89 99 65 96 36
https://www.corporate-karma.de,,,+49 761 4589988
https://www.laokoongruppe.com,,,2014-08-242021-07-12
https://www.intercard.org,,info@secanda.com,2023-07-18
https://www.elsmannimmobilien.de,,info@elsmannimmobilien.de,02828-92199
https://www.erneuerbareenergien.de,,,
https://www.weigelworld.org,,,
https://www.davengo.com,,,
https://www.quartier-theater.de,,hallo@quartier-theater.de,0511-39 70 794
https://www.postuning.com,,contact@postuning.com,+49 5222 36965
https://www.k-is.com,,info@k-is.com,2024-02-27 11
https://www.simple-fax.de,,support@simple-fax.de,0800 555 00 52
https://www.b-s.de,,,+49 6039 9 93-0
https://www.diebayerische.de,,,
https://www.frents.com,,,
https://www.thc-testing.com,,result.testingtechnologies@outlook.com,
https://www.unimed.de,,,17-1966687
https://www.medialab-internetagentur.de,,post@achim-weidner.de,
https://www.amadeus-fire.de,,,
https://www.global-mobility.com,,info@global-mobility.com,+49 6181 440888
https://www.joeusa.com,,,
https://www.sternen-schluchsee.de,,info@sternen-schluchsee.de,
https://www.kaifu-lodge.de,,,
https://www.cinepostproduction.de,,,
https://www.hoppegarten.com,,,
https://www.cpl-sachse.de,,info@cpl-sachse.de,+49 30 343462-60
https://www.kreutzer-consulting.com,,info@kreutzer-consulting.comwww.kreutzer-consulting.com,1890 464 - 0
https://www.pschyrembel.de,,,
https://www.seat.de,,,
https://www.hbo2.de,,19info@hbo2-freiburg.de,761-38 20 18
https://www.isystems-integration.com,,info@isystems-integration.com,+49 2161 462 469 0
https://www.frontalvision.com,,,2001 - 2024
https://www.monocrom.de,,,
https://www.laufpix.de,,Kontaktmail@laufpix.deAnfrageImpressumDatenschutz,2023 2022 2021 2019 2018 2017 2016 2015 2014 2013 2012 2011 2010
https://www.kuriershop.de,,info@kuriershop.de,+49 6171 633055
https://www.efaflex.com,,,
https://www.jetsgroup.com,,100post@jetsgroup.comFacebookLinkedInYouTubeCorporationAbout,+47 700 39 100
https://www.tutanota.com,,,
https://www.startnext.com,,,
https://www.yummystories.de,,hello@yummystories.de,+49 6323 9869180
https://www.himmelspagode.de,,info@himmelspagode.de,
https://www.zapf-creation.com,,,
https://www.regupol.com,,info@regupol.eu,+49 2751 803-0
https://www.solvatis.de,,,
https://www.lustre.org,,,
https://www.mindlab.de,,,
https://www.miet24.de,,,2004 - 2024
https://www.helmag.com,,,
https://www.raysono.com,,,+49 89-746 46-0
https://www.hirschen.com,,gross@hirschen.de,
https://www.hyperstone.com,,,
https://www.studdex.com,,,
https://www.toolsgroup.com,,,
https://www.ifabrik.de,,0info@ifabrik.deDigitalagentur,+49 341 355430 0
https://www.phrase.com,,,
https://www.berenberg.de,,,
https://www.honeymoments.de,,,
https://www.wedding-youandme.com,,,
https://www.nandurion.de,,,
https://www.schaffenwir.com,,,
https://www.myreiseforum.de,,,
https://www.acxiom.de,,,474001450360530030-315981688890598471
https://www.brandperfection.de,,info@brandperfection.de,99 32 37 30
https://www.borgmann-krefeld.de,,info@borgmann-krefeld.de,+49 2151 7688-0
https://www.chameleon-system.de,ESONO AG Grünwälderstraße 10-14 79098 Freiburg Deutschland Tel.: +49-761-1518280 E-Mail: info@esono.de,info@esono.de,+49-761-1518280
https://www.ho-ersoka.de,,,
https://www.plu.de,,mail@plu.de,+49 89 2323 91690
https://www.e-fellows.net,,,
https://www.energiekontor.de,Energiekontor AG Mary-Somerville-Straße 5 28359 Bremen Tel. 0421 / 3304-0 info@energiekontor.de,3304-444info@energiekontor.de,+49 421 3304-0
https://www.upon-onlinemarketing.com,,info@upon-onlinemarketing.de,0049 711 62 041 511
https://www.statt-theater.net,,,
https://www.nexworld.tv,,,
https://www.lcs-schlieben.de,,kontakt@lcs-schlieben.de,+49 35 361 350-0
https://www.telerion.com,,,
https://www.reiseservice-heinz.de,,Moosburginfo@reiseservice-heinz.de,+49 8761 72790
https://www.semprebonita.de,,1info@semprebonita.de,19 - 10625
https://www.pferdebild.de,Tammo & Hanni Ernst Heider Weg 42 27777 Ganderkesee Telefon: 04221/40910 (vormittags) oder 04221/452842 tammo.ernst [@] pferdebild.de hanni.ernst [@] pferdebild.de,,
https://www.aqon-pure.com,,0info@aqon-pure.com,59 308 - 0
https://www.p-21.de,,,
https://www.ssmsboost.com,,,
https://www.coi.de,,,93 99 - 4959
https://www.printus.de,,,1688000160275663619-75313016150164513
https://www.kiwi.de,,info@kiwi.de,+49 541668 580
https://www.hesse-mechatronics.com,,info@hesse-mechatronics.com,49 5251 1560-0
https://www.berlinlofts.com,,,+4915121219126
https://www.porsche-design.com,,contact@porsche-design.de,+49 711 911 75550
https://www.in-chemnitz.de,,,
https://www.kobra-net.de,,180info@kobra-net.comIT,
https://www.microdoc.com,,microdoc@microdoc.com,+49-89-551969-0
https://www.pixeltricks.de,,info@pixeltricks.de,
https://www.pia.me,,,
https://www.strompreisvergleich24.com,,,
https://www.lehnenmusic.com,,,
https://www.helee-expo.com,,,
https://www.abcadamas.de,,info@abcadamas.de,+03222 1095665
https://www.trelock.de,,,
https://www.impreg.de,,,+49 7073 30031-0
https://www.prosanova.net,,,
https://www.clueso.de,,,
https://www.lieblingstasche.de,,service@lieblingstasche.de,
https://www.bwpapersystems.com,,,
https://www.kompakt.fm,,,65798020626
https://www.bio-naturwelt.de,,info@bio-naturwelt.de,
https://www.admanagerforum.de,,,
https://www.delphi-advisors.com,,,+49 69 8600 72 20
https://www.jk-kom.de,,info@jk-kom.de,2024-02-01
https://www.schmeckthal-gruppe.de,,info@schmeckthal-gruppe.de,6134 72 69 0
https://www.rbvc.com,,,7191609 15
https://www.airnergy.shop,,info@airnergy.com,02242 93300
https://www.konzeptimmobilien.de,,,977 165 - 70
https://www.merantix.com,,,
https://www.tvm-lifescience.com,,,
https://www.meeresblick-baabe.de,,,430 932 70
https://www.littlesun.org,,,
https://www.drk-bos.de,,,
https://www.esome.com,,,2024-02-21
https://www.xell.ag,,,521 96989-200
https://www.mergeflow.com,,,
https://www.hitchon.de,,,+49 6131 2077006
https://www.dts.de,,0info@dts.de,+49 5221 101 300 - 0
https://www.fogjoggers.com,,,
https://www.lightweb-media.de,,,
https://www.claritos.de,,moin@claritos.de,386 55 386
https://www.server-konfigurieren.de,,,
https://www.weihnachtskultparty.de,,,
https://www.diekavallerie.de,,info@diekavallerie.de,07071 407290
https://www.schnatterer.com,,,7251 - 308355
https://www.hochschwarzwald.de,Hochschwarzwald Tourismus GmbH Freiburger Straße 1 · 79856 Hinterzarten Telefon +49 (0) 7652 - 1206 0 info@hochschwarzwald.de,info@hochschwarzwald.de,+49 7652 1206-0
https://www.severn.de,,,
https://www.mehrfachsparen.de,,info@mehrfachsparen.de,03491 7691086
https://www.visionconnect.de,,info@visionconnect.de,+49 511 76071 110
https://www.antondoll.de,,kontakt@antondoll.de,
https://www.hohnwerbetechnik.com,,info@firma-hohn.com,7062 978 7527
https://www.neschen.de,Neschen Coating GmbH Hans-Neschen-Str. 1 31675 Bückeburg Germany,info@neschen.de,5722-20 70
https://www.kmbmedia.de,,,02381 871 09 60
https://www.lps-laser.de,,,+49 7473 27 11 77
https://www.ihs-gmbh.de,,,
https://www.wandres.com,,,
https://www.reisefanten.de,,,
https://www.revell.de,,,
https://www.drmannahs.com,,0info@veganz.deKontaktformular,30 2936378 0
https://www.wiedemann.de,,,05066 997-100
https://www.wiblishauser-seminare.de,,,089 - 700 742 26
https://www.justwatch.com,,,1  2  3  4  5  6  7  8  9  10
https://www.artaqua.de,,,+49 7147 27273 100
https://www.vr-on.com,,stage@rooom.com,+49 89 588 08 588 0
https://www.awantego.com,,,+49-711-4889050
https://www.games-bavaria.com,,,100011111000011101101110010111100111000001000010110000111101101100001111001011010011100001
https://www.horizont.com,Homberger Weg 4-6 34497 Korbach Deutschland,info@horizont.com,5631 565 0
https://www.ernstings-family.com,,,74-9298-128134-164
https://www.shopclever.de,,,
https://www.alpha-communication.com,,,30 78 78-30
https://www.alexander-training.de,,,2000 - 2024
https://www.mekos.de,,,
https://www.quintex.eu,,,
https://www.china-outbound.com,,sales@china-outbound.comCOTRI,+49 40 84 50 85 31
https://www.pixialisten.de,,,
https://www.malteserjugend-bamberg.de,,,45 7509 0300 0009 0240 00
https://www.dress-for-less.co.uk,,service@dress-for-less.co.uk,1806 3675377
https://www.gfn.de,,,06221 77 333 77
https://www.openwallsgallery.com,,info@openwallsgallery.com,
https://www.das-comitee.com,,,
https://www.scoop-yard.de,,,040 51315539
https://www.lagerflaeche.de,,,211-976334-70
https://www.mandalka.name,,2022@mandalka.name,30-609-80-280
https://www.siemens-healthineers.com,,,
https://www.kraiburg-relastec.com,,,
https://www.r2p.com,,,+49 461 995 73-0
https://www.drk-rhein-nahe.de,,,98 3702 0500 0005 0510 01
https://www.null-leasing.com,,,030 810976 00
https://www.ps-antriebstechnik.de,,,+49 7251 96280
https://www.rheinruhronline.de,,,
https://www.evorait.com,,,
https://www.flyair41.de,,,
https://www.jur.solutions,,tim@jur.solutions,
https://www.xell-consulting.de,,info@xell-consulting.de,+49 179 75 38 097
https://www.agbf.com,,info@agbf.com,30 810 799-0
https://www.sake-kontor.de,,hallo@sake-kontor.de,030-21237601
https://www.overnightprints.de,,,
https://www.pinchart.de,,,0341 - 247 28 330
https://www.starface.com,,info@starface.com,2024    21
https://www.fgk-cro.com,,20info@fgk-cro.com,+49 89 893 119 - 0
https://www.berlin-partner.de,,,
https://www.beds24.com,,,
https://www.microsonic.de,,vertrieb@microsonic.de,0231 97 51 51 0
https://www.billig-banner24.de,,print@billig-banner24.de,040 - 8000 4 5555
https://www.frenzelit.com,,,+49 9273 72-0
https://www.agenturhuette.de,,info@agenturhuette.de,
https://www.lintec-gmbh.de,,,
https://www.sea-distribution.com,,,+49 5903 9388-00000
https://www.mfg.de,,info@mfg.de,0711 90715-300
https://www.imiconsulting.com,,,
https://www.fastbolt.com,,info@fastbolt.com,2565-9325-0
https://www.junge-presse.de,,info@junge-presse.de,0201 2480 358
https://www.codydawg.de,,,
https://www.porzellanklinik-bremen.de,,info@jens-banerjee.de,0421 - 6588557
https://www.raeume-zum-feiern.de,,,
https://www.hils-it.com,,info@hils-it.com,07728 644 95 90
https://www.fesa.de,Gerberau 5A 79098 Freiburg Phone: 0761 / 40 73 61 E-mail: mail@fesa.de Web: http://www.fesa.de,mail@fesa.de,45 4306 0967 8023 4359 06
https://www.sportsfreude.com,,,
https://www.airportzentrale.de,,,
https://www.ms-holz.de,,00-0mail@ms-holz.deZum,
https://www.cupcino.com,,,+49 5257 9898-0
https://www.synergie.de,,,
https://www.visomax.de,,info@visomax.de,+49 931 452814-0
https://www.stefan-plenk.com,,info@stefan-plenk.de,08652-964970
https://www.lufapak.de,,sales@lufapak.de,2631 384-0
https://www.metalized.de,,,
https://www.vileda.com,,,
https://www.pulscamp.de,,info@pulscamp.de,0176 43526596
https://www.a-maze.net,,,
https://www.vsda.de,,,00         15
https://www.spindash.de,,,
https://www.jonnyfresh.com,,,030 536 034 570
https://www.arbeiten-bei-stihl.de,,,
https://www.unwomen.de,,,07 3705 0198 1932 1288 36
https://www.unicum.de,,,
https://www.fgk-rs.com,,info@fgk-rs.com,
https://www.slf-fraureuth.de,,slf@slf-fraureuth.de,+49 3761 801 0
https://www.andymagro.com,,,
https://www.windowspro.de,,,2024-21410
https://www.prepaid-usenet.de,,,
https://www.aliaxis.de,,,
https://www.axonic.com,,,
https://www.axiogenesis.com,,,
https://www.weareforeal.com,,hello@weareforeal.com,
https://www.rapidshape.de,,,+49 7033 309878-0
https://www.schmidtner-gmbh.de,,info@schmidtner-gmbh.de,040 - 325 07 14 - 0
https://www.kf-interactive.com,,,
https://www.jungmann.de,,info@jungmann.de,0800-777 8 666
https://www.plista.com,,,
https://www.sobis.com,,,+49 621 1228 5600
https://www.flymo.com,,,
https://www.stickybiscuits.com,,,
https://www.prehkeytec.com,,info@prehkeytec.com,+49 9776 7046-0
https://www.testboy.de,,info@testboy.de,
https://www.cast-pharma.com,,,2023-11-17 12
https://www.gid-it.de,,info@gid-it.de,221-837902 0
https://www.raphs-bbq-truck.de,,,
https://www.tischlerei-jagsch.de,,,
https://www.bonn.de,,,+49 228 770
https://www.mysumtu.com,,,
https://www.irist.com,,,2001 - 2024
https://www.cheplapharm.com,,3914-0info@cheplapharm.com,3834 3914-0
https://www.drivedevilbiss-int.com,,kontakt@devilbisshc.com,621 178 98- 0
https://www.microtrac.com,,,
https://www.pyrotechnik24.com,,,720 080 - 91
https://www.eventcompanies.de,,,
https://www.fcstpauli-afm.de,,,38661910-99
https://www.clevermemo.com,,,
https://www.sylt-ferienwohnungen-urlaub.de,,,
https://www.calw.de,Marktplatz 7 75365 Calw Tel. +49 (0)7051 167-399 touristinfo@calw.de,touristinfo@calw.de,7051 167-399
https://www.thestrategyweb.com,,,2020-06-17 16
https://www.artgovt.com,,,
https://www.eve-audio.com,,,
https://www.itonics-innovation.com,,,165467996060817
https://www.cosmetix.net,,info@cosmetix.netWeb,+49 170 5053906
https://www.uniboxapp.com,,,
https://www.haubermethod.com,,,
https://www.digitaleheimat.de,,info@digitaleheimat.de,609 84 94 52
https://www.protosoft.de,,,1999 - 2024
https://www.undercover.de,,info@undercover.de,310 55 330
https://www.dieselkrad.info,,,
https://www.dexter-international.com,,careers@dexter-international.com,+352 20 33 10 94
https://www.quipu.de,,,
https://www.guthaben-kaufen.com,,,2013 - 2020
https://www.swox.com,,,
https://www.misseverywhere.com,,,
https://www.fnverlag.de,,,1999 - 2024
https://www.berliner-philharmoniker.de,,,
https://www.pattern-paradise.com,,,
https://www.edias.com,,,+31-172-585585
https://www.neuromerchandisinggroup.com,,info@neuromerchandising.de,+49 151 587 80 680
https://www.rw-kupplungen.de,R+W Antriebselemente GmbH Hattsteinstraße 4 63939 Wörth am Main,info@rw-kupplungen.de,+49 9372-9864-0
https://www.mobiuslabs.com,,,
https://www.theblankswebsite.com,,,
https://www.smartmedia24.de,,0info@smartmedia24.de,
https://www.webanizer.de,,team@webanizer.de,8571 - 97 39 69-0
https://www.ladypopular.de,,,
https://www.hypersoft.com,,,
https://www.h2fly.de,,,
https://www.targetesports.com,,,
https://www.chocion.com,© 2024 CHOCION - Finest Chocolate. All Rights Reserved.,,
https://www.topcruiseemployer.com,,,
https://www.crowdfunding.de,,,
https://www.bureau-heintz.de,,,25 97 13 86
https://www.coffee-fellows.com,,,
https://www.christengemeinde.com,,info@christengemeinde.com,
https://www.jena-optronik.de,,info@jena-optronik.de,+49 3641 200-110
https://www.luxx-film.com,,,
https://www.heldentaten.net,,,
https://www.springmaus-theater.de,,,0228 - 79 80 81
https://www.modusconsult.de,,,
https://www.daniel-philipp.com,,lninfo@daniel-philipp.comZum,1818 - 2526 - 3536 - 4546 - 55
https://www.schwing-technologies.com,,,
https://www.kinderkuechekaufen.de,,,
https://www.conflict-minerals.com,,Pacificcontact@ipoint-systems.com,+49 7121 14489 777
https://www.treatwell.de,,,
https://www.wirsindhelden.com,,,
https://www.artviper-werbeagentur.de,,experts@artviper.de,0961 470 30 661
https://www.chapeau-restaurant.com,,,
https://www.fertighaus-keitel.de,,info@keitel-haus.de,
https://www.theveryend.net,,,
https://www.boerse-stuttgart.de,,,+49 711 222985 - 0
https://www.startupjoblist.com,,,
https://www.ecco-reisen.de,,service@ecco-reisen.depowered,450 811-11
https://www.liamjcurtin.com,,liam@liamjcurtin.com,+44782-4388-866
https://www.crystalage.com,"CrystalAge, PO Box 2096, Bristol, BS35 9DG, United Kingdom",,+44333 012 4687
https://www.enigmacs.com,,,1753 622 592
https://www.pennyanderson.com,,enquiries@pennyanderson.com,
https://www.inovix.net,,417633info@inovix.net,01332 417633
https://www.rosybee.com,,rosi@rosybee.com,07710096734
https://www.newfield.co.uk,,,01270 762331
https://www.dscsoundandlighting.co.uk,,sales@dscsoundandlighting.co.uk,01582 606066
https://www.neseafood.com,,,
https://www.web-design-studios.com,,,2007 - 2021
https://www.oppobrothers.com,,,
https://www.classichandtools.com,,sales@classichandtools.com,01473 784983
https://www.carinaskinnermanagement.co.uk,,Kingdominfo@carinaskinnermanagement.co.uk,7885 466 532
https://www.urbanstrides.com,,,
https://www.bergsonandeaton.com,,enquiries@bergsonandeaton.com,01296 415 251
https://www.truebeautyaesthetic.com,,1503info@truebeautyaesthetic.com,020 8908 1503
https://www.kentscp.com,,enquiries@candchealthcare.co.uk,
https://www.peytonandbyrne.co.uk,,,330 1233 885
https://www.rgr-garages.co.uk,,,01234 750207
https://www.essentialsurrey.co.uk,,,
https://www.zeroh.net,,,01424 7126250742611511607985635011
https://www.cyclesolutions.co.uk,,,0330 100 2480
https://www.fordandslatercoventry.co.uk,,coventry@fordandslater.co.uk,02476 302 856
https://www.laywheeler.com,,,01473 313 300
https://www.sixphysio.com,,bookings@sixphysio.com,020 7036 0286
https://www.crg1.co.uk,,652Emailinfo@crg1.co,07708 956 652
https://www.mcvideo.co.uk,,,01978 350122
https://www.rising-records.com,,,
https://www.penn-elcom.com,,,0191 416 1717
https://www.aberdeenpattestservices.com,,,01224 399173
https://www.rmsrecruitment.com,,info@rmsrecruitment.com,020 7518 9170
https://www.dsnmltd.com,,,23 8180 0320
https://www.goldexapp.com,,support@goldexapp.com,203 287 2878
https://www.burnhamgarage.co.uk,,,
https://www.cambriancruisers.co.uk,,info@cambriancruisers.co.uk,01874 665315
https://www.gleanin.com,,,+44 333 335 5079
https://www.themartialartscentre.com,,reception@themartialartscentre.com,01376 529122
https://www.tnsfurniture.co.uk,,,01562 814816
https://www.interchangepd.com,,,2022-11-15
https://www.rokit.co.uk,,,1939 - 1945
https://www.localedge.co.uk,,,+44 1444 529 066
https://www.thediceshoponline.com,,,
https://www.drg.global,,,
https://www.kjnhomeimprovements.co.uk,,info@kjnhomeimprovements.co.uk,01329 237 715
https://www.derby-exp.co.uk,,6JLwhat3wordsenquiries@derby-exp.co.ukCustomer,01332 646100
https://www.ebrattridge.com,,enquiries@ebrattridge.com,0208 808 0774
https://www.standard-alarms.com,,sales@standard-alarms.co.uk,01670 364832
https://www.humphreyfeedsandpullets.co.uk,,,01691 828512
https://www.sortoffilms.co.uk,,,
https://www.sharondavidson.co.uk,,graphics@sharondavidson.co.uk,07712 210436
https://www.perfectprofilesclinics.co.uk,,,01582 518 100
https://www.northern-broadsides.co.uk,,,
https://www.wisdomtree.eu,,,
https://www.sure-line.com,,info@sure-line.com,01328 838233
https://www.bodosperlein.com,,,
https://www.threemotion.co.uk,,,
https://www.thechilespecialists.com,,,
https://www.studioslipware.com,,enquiries@messumslondon.com,
https://www.iconrelocation.com,,,1892 600500
https://www.liberis.com,,,
https://www.tamba.co.uk,,info@bravebear.co.uk,01543 758188
https://www.kcrtransport.co.uk,,hello@kcrtransport.co.uk,01283 240245
https://www.digitaleyesmedia.co.uk,,,
https://www.oakwood-estates.co.uk,,,
https://www.nglos.co.uk,,filler@godaddy.comBookingsMy,07779292034
https://www.washerwise.co.uk,,,07973 618169
https://www.iadcontrol.com,,,
https://www.deediganmartialarts.co.uk,,,
https://www.mathews.co.uk,contact Address W.J. Mathews (Exeter) Ltd 14 Trusham Road Marsh Barton Exeter	EX2 8QG United Kingdom phone 01392 203333 Email working days/hours Monday - Friday  8.30am - 5.00pm.                                                                                                                      24Hrs 7 Days a week Engineering Call Out,,01392 203333
https://www.wolf.live,,,
https://www.fullfataudio.com,,,
https://www.signcompeurope.com,,sales@signcompeurope.com,1403 272 704
https://www.digibee.co.uk,,contactus@digibee.co.uk,0345 222 5360
https://www.palmunderwear.co.uk,,info@palmunderwear.co.uk,1455 632161
https://www.shibdenmillinn.com,,,
https://www.retreathousepleshey.com,,,01245 237251
https://www.carteraccountants.co.uk,,post@carteraccountants.co.uk,0116 2240 400
https://www.deekay.co.uk,,info@deekay.co.uk,0161 747 1234
https://www.deli22.co.uk,,,
https://www.allaboutvenues.com,,info@allaboutvenues.com,1260 223 558
https://www.ratio.co.uk,,,+44 1202 232 705
https://www.serocor.com,,info@serocor.com,2392 458 080
https://www.wheelgatepark.com,,fun@wheelgatepark.com,01623 882 773
https://www.tokyoto-luggage.com,,,
https://www.osadoorparts.co.uk,,sales@osadoorparts.co.uk,01928 703 580
https://www.kgd.co.uk,,sales@kgd.co.uk,01432 374 374
https://www.maclarenjones.com,,info@maclarenjones.com,01565 624 380
https://www.sedumgreenroof.co.uk,,info@sedumgreenroof.co.uk,07714216889
https://www.liverpoolairport.com,,,
https://www.paynes-heating.co.uk,,sales@paynes-heating.co.uk,01825 891720
https://www.thechillilodge.co.uk,,,01226792300
https://www.cspc.co.uk,,info@cspc.co.uk,0113 2750606
https://www.chequermead.org.uk,,,113 880 720
https://www.digipress.co.uk,,hello@bdp.wales,01792 456661
https://www.jeanettekidd.com,,info@jeanettekidd.com,2022-07-27
https://www.airtattoo.com,,,
https://www.optima-life.com,,info@optima-life.com,020 7135 2424
https://www.allinonelondon.com,,info@allinonelondon.com,+44 1992 712609
https://www.renaultalpine.co.uk,,mail@renaultalpine.co.uk,
https://www.bosscabins.co.uk,,info@bosscabins.co.uk,1778 300475
https://www.mentorgroup.co.uk,,info@mentorgroup.co.uk,1442 849999
https://www.farmgarden.org.uk,,,520 2825 82
https://www.meguiars.co.uk,,,
https://www.w-co.co.uk,,,01708 863 260
https://www.kellergreen.com,,,
https://www.nickystephenmarketing.co.uk,,434188info@nickystephenmarketing.co.ukVisit,01664 434188
https://www.bsp-if.com,,sales-bsp@tex.co.uk,1473 830431
https://www.bjcplanning.co.uk,,,01329 842668
https://www.nuplansurveys.com,,info@nuplansurveys.com,07970 205 847
https://www.frostsgardencentres.co.uk,,,01908 583511
https://www.sjhub.org.uk,,,2024 0  2024
https://www.sandbbuilders.co.uk,,info@sandbbuilders.co.uk,07881 597825
https://www.stationcars.co.uk,,,02086727272
https://www.londonshootfighters.com,,,02037309557
https://www.auduskitchens.co.uk,,Contactsales@auduskitchens.co.ukSt,01923 670 197
https://www.touchscreens-direct.co.uk,,,330 555 0155
https://www.standardgroup.co.uk,,,01536 517 070
https://www.xclusivedecor.com,,sales@xclusivedecor.com,161 408 0086
https://www.woodlandadventurers.org,,,
https://www.beemercy.com,,,
https://www.revolutionkarting.com,,sales@revolutionkarting.comPhone,0207 538 5195
https://www.eocharging.com,,,
https://www.twentytwenty.co,,,
https://www.carsite.co.uk,,,
https://www.millwoodeducation.co.uk,,,01484868297
https://www.comfygroup.co.uk,,customerservices@comfygroup.co.uk,3303 322 575
https://www.gews.co.uk,,enquiries@gews.co.uk,01766 771159
https://www.onerockinternational.com,,,020 7654 3865
https://www.reflexgroup.co.uk,,,
https://www.thefamilyofficer.com,,info@thefamilyofficer.com,+44 203 988 4969
https://www.cgoecology.com,,enquiries@cgoecology.com,01202 798126
https://www.awsworthmotors.co.uk,,,0115 9322 425
https://www.telelease.com,,info@telelease.com,03300 580151
https://www.cornerstone.photography,,,07828 606184
https://www.watkinspayne.co.uk,,info@watkinspayne.co.uk,0207 629 3322
https://www.withoutwalls.uk.com,,info@withoutwalls.uk.com,161 843 5270
https://www.mobilepie.com,,,+441179294138
https://www.remploy.co.uk,,RemployScotland@remploy.co.uk,
https://www.london-ghost-tour.com,,,020 8530-8443
https://www.whitecliffsvets.co.uk,,,01304 414141
https://www.landau-forte.org.uk,,,
https://www.enderlegard.com,,,+44 207 2524666
https://www.dollyrose.co.uk,,,
https://www.stone-zone.uk,,,01202 874207
https://www.corporateentertainmentco.co.uk,,info@eventsworld.co.uk,01825 760065
https://www.plasma-clean.com,,,0800 652 3325
https://www.ukindustrialflooring.co.uk,,,01978 790186
https://www.seatingmatters.com,,,
https://www.watts1874.co.uk,,,
https://www.alfiebest.com,,,020 7404 8325
https://www.nextstepcentre.com,,,0117 957 53 88
https://www.metricell.com,,,1403 251494
https://www.urbanescape.co.uk,,,01484 424244
https://www.predictablesales.com,,,
https://www.martinsfarmmarket.net,,,11121314151617
https://www.burgessyachts.com,,,
https://www.partydoctors.co.uk,,hello@partydoctors.co.uk,01732 866666
https://www.netmera.com,,,
https://www.platipus-anchors.com,,info@platipus-anchors.comFollowFollowFollowFollowFollowCivil,1737 762300
https://www.armchairmarketing.co.uk,,,01604 879657
https://www.briankirwan.co.uk,,info@briankirwan.co.uk,7905 347 722
https://www.soulbrother.com,,,020 8875 1018
https://www.ashleymilton.com,,property@ashleymilton.com,020 7286 6565
https://www.pdq1.com,PDQ Motorcycle Developments Marshgate Trading Estate Hitcham Road Taplow Berkshire SL6 0LX,sales@pdq1.com,01753 730043
https://www.pinehills.com,,,
https://www.wilderfilms.co.uk,,,
https://www.arabartsfestival.com,,admin@arabicartsfestival.co.uk,151 702 7765
https://www.allawayacoustics.co.uk,,enquiries@allawayacoustics.co.uk,01992 550825
https://www.ungagged.com,,,
https://www.greentimber.com,,green@greentimber.com,+44 01279 725200
https://www.exhibitionfreighting.co.uk,,info@exhibitionfreighting.co.uk,1892 732009
https://www.lagomdesign.co.uk,,,0333 123 0101
https://www.royalacademyofculinaryarts.org.uk,,usinfo@royalacademyofculinaryarts.org,020 8673 6300
https://www.purplefizz.co.uk,,,0800 246 1185
https://www.wardblawg.com,,,
https://www.influxpress.com,,hello@influxpress.com,
https://www.icamarchive.co.uk,,sales@icamarchive.co.uk,1538 373526
https://www.butlerrose.com,,hello@butlerrose.com,0207 877 8450
https://www.pelgar.co.uk,,info@pelgar.co.uk,1420 80744
https://www.belhavensmokehouse.co.uk,,admin@belhavensmokehouse.co.uk,01368 864 025
https://www.destinationbasingstoke.co.uk,,,2024-03-09
https://www.zavvi.es,,,
https://www.qxlva.com,,info@qxlva.com,1249 751000
https://www.everydaychampions.tv,,,
https://www.robertdanielsjewellers.co.uk,,1470robdanrepairs1@gmail.comOpening,0161 764 1470
https://www.deborahedwardsdesign.co.uk,,info@deborahedwardsdesign.co.uk,029 2030 9664  07968 160 667
https://www.knowhowtraining.co.uk,,,
https://www.bedfordrugby.co.uk,,,
https://www.wcm.com,,,
https://www.holdsworthchocolates.co.uk,,info@holdsworthchocolates.co.ukUseful,01629 813 573
https://www.vauxhalltavern.com,,,
https://www.swaleviewpark.co.uk,,info@swaleviewpark.co.uk,01748 823106
https://www.adboards.com,,sales@adboards.com,01204 395 730
https://www.kingsmead-school.com,,contact@kingsmead-school.comAddress,01984 623 483
https://www.thompsonbrothers.net,,,0161 258 1174
https://www.cash-for-houses.co.uk,,,0800 092 5836
https://www.trentvineyard.org,,,
https://www.edwardbulmerpaint.co.uk,,info@edwardbulmerpaint.co.uk,01544 388 535
https://www.srgtalent.com,,Touch0161-526-1901info@srgtalent.comFor,0161-526-1901
https://www.theheavenlycakecompany.co.uk,,info@theheavenlycakecompany.co.uk,07459661594                   0
https://www.malonesedinburgh.com,,edinburgh@malonesirishbars.com,+44 1224 565557
https://www.fusionbc.co.uk,,info@fusionbc.co.uk,0121 236 3515
https://www.dentalmarketingexpert.co.uk,,hello@dentalme.co,01767 626398
https://www.thepixelate.com,,,+91 9962355843
https://www.forensicseuropeexpo.com,,,
https://www.osteopathineastleigh.com,,info@osteopathineastleigh.com,023 8000 1560
https://www.mjexecutivecars.co.uk,,enquiries@mjexecutivecars.co.uk,+44 7831 819 969
https://www.stonebridgegolf.co.uk,,522442info@stonebridgegolf.co,01676 522442
https://www.codelife.org,"Christian Vision for Men, Chesterfield Road, Stavele, Chesterfield, S43 3XD T: (01246) 452483",,
https://www.acecic.co.uk,,,
https://www.gamemaker.io,,,2013 - 2024
https://www.bigfinish.com,,sales@bigfinish.com,2024-02-25
https://www.laidlawcontracts.co.uk,,enquiry@laidlawcontracts.co.uk,0131 447 5677
https://www.blubambu.co.uk,,,
https://www.tojoandnellyscattales.com,,tncattales@gmail.com,
https://www.breezem.co.uk,,info@breezem.co.uk,01444 413 886
https://www.bonds-confectionery.co.uk,,,
https://www.entrustit.co.uk,,enquiries@entrustit.co.uk,330 002 0045
https://www.yourofficeandpa.co.uk,"Sefton House Public Hall Street Runcorn, Cheshire WA7 1NG",info@yourofficeandpa.co.uk,01928 508 800
https://www.dmb.uk.com,,,07887 802726
https://www.highperformanceproductions.net,,,
https://www.animalstory.co.uk,,,07736846575
https://www.astrolutely.com,,,2000 - 2023
https://www.ers.com,,,
https://www.carlypress.co.uk,,,01823 6670630
https://www.oysteryachts.com,,,
https://www.lemontreerentals.com,,info@thelakegardavillacompany.com,20 3290 4585
https://www.softswiss.com,,,
https://www.imajica.com,,studio@imajica.com,1224 443595
https://www.marlboroughhousetherapycentre.co.uk,"1 Middle Street, Taunton TA1 1SH",,01823 272 227
https://www.whiltonmill.co.uk,,,01327 843822
https://www.flysoftware.com,,,
https://www.wake-smith.co.uk,,,0114 266 6660
https://www.realworldholidays.co.uk,,,0113 262 5329
https://www.redbluemechanical.co.uk,,info@redbluemechanical.co.uk,01344 203085
https://www.darksteve.com,,,
https://www.thelionatfarnsfield.com,,info@thelionatfarnsfield.com,01623 883566
https://www.ipmpestcontrol.co.uk,,office@ipmpestcontrol.co.uk,2020-04-17
https://www.emmamoorephotography.co.uk,,,
https://www.mariastarling.com,,hello@mariastarling.com,07775517409
https://www.securexpoeastafrica.com,,,
https://www.marketingunity.com,,,
https://www.andersonhoare.co.uk,25 Eccleston Place Victoria London SW1W 9NF,emailenquiries@andersonhoare.co.ukAH,
https://www.pyemotors.co.uk,,,01229 842323
https://www.conisboroughcollege.co.uk,,reception@conisboroughcollege.co.uk,020 8461 9600
https://www.dpdlocal.co.uk,,,
https://www.inoutsolutions.co.uk,,07525644066enquiries@inoutsolutions.co.uk,0194 351 3648  07525644066
https://www.maruhub.com,,,
https://www.rentalsandsales.co.uk,,,
https://www.brickweb.co.uk,"Brick technology Ltd. The Strawberry Fields Digital Hub Euxton Lane Chorley, Lancashire PR7 1PS United Kingdom Telephone: +44 1257 444 492 Email: info@brickweb.co.uk Company No. 04599343 Registered in United Kingdom VAT No. GB 834 3737 19",info@brickweb.co.uk,+44 1257 444 492
https://www.howtohandlehecklers.com,,,
https://www.warmemorialconservation.com,,enquiries@warmemorialconservation.com,0800 093 83 77
https://www.worldoffootball.com,,info@worldoffootball.com,0131 443 0404
https://www.deeperthanblue.co.uk,,,114 399 2820
https://www.thermometersdirect.co.uk,,,01252 341000
https://www.lsmflooringmanchester.co.uk,,,
https://www.lincolnhotel.co.uk,,,02920 395558
https://www.pelicanprocurement.co.uk,,hello@pelicanprocurement.co.uk,01252 705 200
https://www.instantasp.co.uk,,sales@instantasp.co.uk,1565 832 827
https://www.theshipsphotographer.com,,,
https://www.affinitywater.co.uk,,,
https://www.pandr.online,,hello@pandr.online,01302 822444
https://www.digibound.net,,,
https://www.alto-marketing.com,,,
https://www.causalens.com,,,
https://www.rbkc.gov.uk,"Town Hall, Hornton Street, W8 7NX",,
https://www.spreadgoodvibes.co.uk,,,015242 71309
https://www.bbfc.co.uk,,,
https://www.oxwichwatersports.co.uk,,INFO@OXWICHWATERSPORTS.CO.UK,07740 284 079
https://www.flowtech.org.uk,,1756info@flowtech.org.ukLogin,0333 200 1756
https://www.albany-pumps.co.uk,,sales@albany-pumps.co.uk,1594 842275
https://www.chestnutcaregloucester.co.uk,,,07807 42 42 28
https://www.mapometer.com,,,
https://www.eggarforresterinsurance.com,,,
https://www.barts-choir.com,,enquiries@bartschoir.com,
https://www.classicbikepartscheshire.com,,sales@classicbikepartscheshire.com,01270 520139
https://www.consysequip.com,,,01628 529448
https://www.bluestemgroup.co.uk,,,2020-09-30
https://www.emmamcneil.co.uk,,emma@emmamcneil.co.uk,7985 490246
https://www.appliancerepairmanchester.co.uk,,,0161 470 0779
https://www.thegainsboroughbathspa.co.uk,,reservations@thegainsboroughbathspa.co.uk,1225 358 888
https://www.snsg.co.uk,,info@snsg.co.uk,0121 212 2707
https://www.nicheworks.co.uk,,605674info@nicheworks.co.ukSt,07900 605674
https://www.millingtonassociates.com,,5BAenquiries@millingtonassociates.com,20 7231 5770
https://www.buckhill.co.uk,,,208 1919 438
https://www.thinkvideo.net,,martin@thinkvideo.net,2024-02-29
https://www.oakover.co.uk,,,01934 620125
https://www.noisegatemedia.com,,contactus@noisegatemedia.com,01926 330135
https://www.millsselig.com,,info@millsselig.com,28 9024 3878
https://www.livinghouse.co.uk,,,01722 415000
https://www.balconyshirts.co.uk,,sales@balconyshirts.co.uk,01895 239111
https://www.kuchedesign.co.uk,,design@kuche.co.uk,
https://www.higginshomes.co.uk,,,
https://www.screeninguk.com,,info@screeninguk.com,
https://www.tatucouture.com,,,
https://www.freedomdestinations.co.uk,,,0333 003 8043
https://www.grand-union.org.uk,,,387 1352 78
https://www.helenlee.co.uk,,,
https://www.pmkcivilengineering.com,,,
https://www.pfponline.com,,,
https://www.regenteng.com,,,121 526 6060
https://www.rndcore.com,,,
https://www.praestoconsulting.com,,,
https://www.connive.co.uk,,,
https://www.revlifter.com,,,
https://www.doglawsos.co.uk,,,0800 999 3647
https://www.purerecharge.com,,,
https://www.poolmarket.co.uk,,sales@poolmarket.co.uk,0117 230 9660
https://www.mse-uk.com,,sales@mse-uk.com,01527 582730
https://www.ihc-uk.com,,sales@ihc-uk.com,01323 449000
https://www.spettro.net,,,0800 1522640
https://www.azizisearch.com,,,2013 - 2024
https://www.wrssolutions.com,,,01709 640042
https://www.longhornbeef.co.uk,,,01743 351939
https://www.scandinavianloft.com,,,020 3488 0448
https://www.oakleyproperty.com,,,01273 688882
https://www.cornwalldentists.co.uk,,,
https://www.bakers-solicitors.com,,enquiries@bakers-solicitors.com,01457 859 123
https://www.class.agency,Come and say hi! 👋 Alpha Works (21.09) Suffolk St Queensway Birmingham B1 1TT,,116 1632 46
https://www.walternewbury.co.uk,,info@walternewbury.co.uk,20 4529 7046
https://www.mannering-rubber.co.uk,,,
https://www.monalisasmiles.co.uk,,info@monalisasmiles.co.uk,020 8449 3411
https://www.snowbizz.co.uk,,sales@snowbizz.co.uk,1778 341 455
https://www.glowtelecom.co.uk,,ussales@glowtelecom.co,0333 0152 5462
https://www.samanthasage.com,,,
https://www.sk-design.co.uk,,info@sk-design.co.uk,01924 835600
https://www.kabi.co.uk,,,01582 483 698
https://www.bostmusicals.co.uk,,enquiries@bostmusicals.co.uk,1516661200
https://www.sapori-e-saperi.com,,,
https://www.buildersinbristol.net,,info@chamberlainbros.com,01454 317 117
https://www.naturesraincoats.com,,,
https://www.flourish.training,,,
https://www.freedom-fence.co.uk,,,
https://www.firstrecruitmentgroup.com,,recruit@firstrg.com,01925 907 000
https://www.pacheshamgolf.co.uk,,enquiries@pacheshamgolf.co.uk,01372 843453
https://www.pe-systems.co.uk,,sales@pe-systems.co.uk,01942 260330
https://www.shutterworld.co.uk,,sales@shutterworld.co.uk,08707545300
https://www.athertonstone.com,,,
https://www.laplacesolutions.com,,sales@laplacesolutions.com,0141 949 0000
https://www.hoteliona.co.uk,,,01803 294918
https://www.weddingmakeupandhair.com,,062pam@weddingmakeupandhair.com,07720 300 062
https://www.dizzysquirrel.com,,enquiries@dizzysquirrel.com,01722 658100
https://www.heckfordnorton.co.uk,,,
https://www.citycollegeoxford.co.uk,,admissions@citycollegeoxford.co.uk,+441865792444
https://www.iccopr.com,,,1763184855595040837
https://www.irrigationcontrol.co.uk,,mail@irrigationcontrol.co.uk,01925 418 289
https://www.clogau.co.uk,"Clogau Gold of Wales Ltd Sherbrooke House, 5 Kinmel Park, Abergele Road, Bodelwyddan, Rhyl LL18 5TX",,1263365-56
https://www.tbscg.com,,,
https://www.midlandsgynaecology.co.uk,,,
https://www.catchacab.com,,,
https://www.thehungerproject.org.uk,,,
https://www.ivfbioscience.com,,sales@ivfbioscience.com,1326 332 461
https://www.digitaloriented.co.uk,,,
https://www.indigoone.co.uk,,,01342 300363
https://www.woodstock-motorparts.co.uk,,sales@woodstockmotor.co.uk,028 9045 5576
https://www.akstoddart.co.uk,,,
https://www.languagebusiness.co.uk,,admin@languagebusiness.co.uk,20 8503 7766
https://www.shiresequestrian.com,,,01568 613600
https://www.desynit.com,,,0117 450 1555
https://www.middleeastinvestmentnetwork.com,,,
https://www.pyedesign.com,,info@pyedesign.com,0121 218 3817
https://www.ezy-clean.co.uk,,,0330 223 2111
https://www.monarch-equestrian.co.uk,,sales@monarch-equestrian.co.uk,01902 605566
https://www.epcarlson.co.uk,,,0800 158 8295
https://www.deversoftware.com,,info@deversoftware.com,1962 774237
https://www.pfsc.co.uk,,info@pfsc.co.uk,0131 281 0429 19
https://www.tri-sphere.co.uk,,,1785 282864
https://www.wjec.co.uk,,,
https://www.hochschildmining.com,,,
https://www.s-sewing.co.uk,,,0118 934 2852
https://www.chartwellfs.com,,info@charwellfs.com,0161 929 3500
https://www.nordicwalkingcambridgeshire.com,,,
https://www.rosalindwhitephotography.com,,rosalindwhitephotography@outlook.com,07900 982389
https://www.navitassafety.com,,,
https://www.zoegilby.co.uk,,,
https://www.blackheathproducts.co.uk,,sales@blackheathproducts.co.uk,0121 561 4245
https://www.claspers.co.uk,,sales@claspers.co.uk,01992 572 862
https://www.clarity4d.com,,enquiries@clarity4d.comt,1780 767873
https://www.ayeshagiselle.com,,,
https://www.aclautomotive.co.uk,,hello@aclautomotive.co.uk,0333 772 0060
https://www.headtotoetherapy.co.uk,,,
https://www.hoxtonfarms.com,,,
https://www.ashford.gov.uk,,,01233 331111
https://www.londoncorinthians.com,,,
https://www.mirabellabeautysalon.co.uk,,info@mirabellabeautysalon.co.uk,01245 348488
https://www.gunrepair.co.uk,,,01923 854639
https://www.brunsdonfinancial.co.uk,,NewsContactenquire@brunsdonfinancial.co.ukMon,01452 623623
https://www.lovelyjubblyfabrics.co.uk,,,259 3654 69
https://www.jkwlaw.com,,jkwalmsley@jkwlaw.com,0203 693 3827
https://www.fernwoodcommercials.co.uk,,info@fernwoodcommercials.co.uk,01708 868741
https://www.horsematshop.co.uk,,,01787 886929
https://www.blakeleysofbrighouse.co.uk,,blakeleyfishshop@aol.com,01484 713907
https://www.paintball-worcester.co.uk,,,0800 078 9500
https://www.pugetsoundlimiteds.com,,,
https://www.worthing-coaches.co.uk,,info@worthing-coaches.co.uk,03301 736 864
https://www.howe-engineering.co.uk,,,01763 289521
https://www.irishmethodist.org,,office@irishmethodist.org,28 9076 7969
https://www.brizebox.com,,,01372 230795
https://www.polarisagency.com,"20 St Andrew St, Holborn Circus, London EC4A 3AG",,
https://www.eurotech-computers.com,,sales@eurotech-computers.com,01932 260470
https://www.thetoydetectives.com,,,
https://www.optionschelmsford.com,,info@atoptions-hair.comHomeAboutServicesTechnical,01245 491434
https://www.allwaysmedia.com,,,2019-09-23
https://www.kingfishershopping.co.uk,Kingfisher Shopping Centre Centre Management Suite Walford House Worcestershire B97 4HJ,,01527405800
https://www.primadollar.com,,subscribeinfo@prima.tradeWe,
https://www.running4women.com,,,01384 379028
https://www.thecoolhunter.co.uk,,,
https://www.pupilrewardpoints.co.uk,,info@pupilrewardpoints.co.uk,0845 544 1251
https://www.llanhillethinstitute.com,,,01495 400204
https://www.veritekglobal.com,,,1323 500200
https://www.thesafetysupplycompany.co.uk,,,0208 903 6333
https://www.tubesounds.com,,,
https://www.signseen.co.uk,,300707sales@signseen.co.uk,
https://www.crueltyfreeinternational.org,,,
https://www.armourclass.co.uk,,,
https://www.maudinteriors.com,,info@maudinteriors.com,208 675 4637
https://www.hartlepool-jobs.co.uk,,,2000 - 2024
https://www.foamtechniques.co.uk,,,
https://www.victoriafalls-zambiatravel-safaris.com,,,0161-870-6092
https://www.bogiez.com,,,2003 - 2013
https://www.barchester.com,,,
https://www.pulsemedia.uk.com,,,161 432 2225
https://www.brunelcare.org.uk,,,0117 914 4200
https://www.opex-group.com,,,2000 - 2023
https://www.etc-inter.net,,english@etc-inter.net,1202 559 044
https://www.workbooks.com,,success@workbooks.com,+44 0118 3030 100
https://www.lktelectricalservices.com,,,0800 772 3124
https://www.afaprojects.com,,,
https://www.coxhire.co.uk,,tooldesk@coxhire.co.uk,01384 399 500
https://www.thesummitclinic.co.uk,,reachus@thesummitclinic.co.uk,0207 993 6115
https://www.silvercrossus.com,,,762-333-2229
https://www.williamloughran.co.uk,,,01772 613114
https://www.essexinjectionmouldings.co.uk,,,2020-11-06
https://www.nationalplastics.co.uk,,help@nationalplastics.co.uk,0800 22 77 77
https://www.poppycottages.co.uk,,,01756 792874  07841 640885
https://www.networkscaffolding.co.uk,,Ussales@networkscaffolding.co.uk,01506 371130
https://www.redrockconsultants.co.uk,,,0121 212 0234
https://www.jennieden.com,,jenni@jennieden.com,01423 632995
https://www.albaamicorum.com,,Kingdominfo@AlbaAmicorum.com,1672770770
https://www.maxevents.co.uk,,info@maxevents.co.uk,0117 950 8080
https://www.hillers.co.uk,,,
https://www.sonaspection.com,,info@sonaspection.com,+44 1524 34991
https://www.dunnsfoodanddrinks.co.uk,,,01698 727777
https://www.bettymiller.com,,,01420 571 350
https://www.carstorageltd.co.uk,,,
https://www.bbconsult.co.uk,,enquiries@bbconsult.co.ukEXPERTISEWindows,0121 285 6404
https://www.reform-gym.co.uk,,,01484 485 395
https://www.hyalofemme.co.uk,,samples@purpleorchidhealth.co.uk,0844 415 2420
https://www.poweredbypie.co.uk,,info@poweredbypie.co.uk,0800 038 8350
https://www.oliverharvey.co.uk,"Oliver Harvey - Quintessentially British Chefswear Oliver Harvey, Broadway, Dukinfield, Cheshire,SK16 4UU +44 (0) 161 342 1032 sales@oliverharvey.co.uk",1032sales@oliverharvey.co.uk,161 342 1032
https://www.rachaeltroughton.com,,,
https://www.southamptoncruisecentre.com,,,02380 658 386
https://www.yorkshireholidaycottages.co.uk,,,
https://www.raxel.co.uk,,sales@raxel.co.uk,01476 569392
https://www.scpersonaltraining.com,,scpersonaltraining@hotmail.co.uk,07969 233 525
https://www.innovation-productions.com,,productions@innovation-productions.com,01484 865 111
https://www.techmarketview.com,,info@techmarketview.com,0203 5764266
https://www.nctilesandbathrooms.com,,customerservices@nctilesandbathrooms.com,20 8586 4600
https://www.vpsl.co.uk,,,
https://www.metalline.co.uk,,930sales@metalline.co.uk,1543 456 930
https://www.marlinservices.co.uk,,,01895 238444
https://www.royaloakkeswick.co.uk,,relax@royaloakkeswick.co.uk,01768 773135
https://www.opendays.com,,,
https://www.hicksandhicks.com,,,01306 710411
https://www.greavesbrewster.co.uk,,,
https://www.baks.co.uk,,,01202 751008
https://www.afsuk.com,,,01254 958777
https://www.dukesbrewandque.com,,hello@dukesbrewandque.com,02030060795
https://www.webuyyourscrapcars.com,,,07870 558110
https://www.redcircledigital.co.uk,,contact@redcircledigital.co.uk,20 8144 7401
https://www.intellegentia.co.uk,,,01789 262 656
https://www.montalt.co.uk,,management@montalt.co.uk,020 8223 9820
https://www.principalge.com,,info@principalge.com,020 7485 5500
https://www.moheri.gov.om,,public.services@mohe.gov.om,
https://www.burgonandball.com,,enquiries@burgonandball.com,114 233 8262
https://www.pollock.co.uk,,enquiries@pollock.co.ukOur,01506 657000
https://www.vectormanagement.co.uk,,info@vectormanagement.co.uk,0800  4045005
https://www.ciob.org,,,1344 630700
https://www.cookeryacademy.co.uk,,info@cookeryacademy.co.ukContactFour,+441983 209005
https://www.boxtedhall.co.uk,,info@boxtedhall.co.uk,07989 406 094
https://www.kiconnections.com,,,
https://www.mccalls.co.uk,,,
https://www.lenzieunion.org,,office@lupc.org,0141 776 1046
https://www.peachymondays.com,,info@peachymondays.com,+44 333 123 9366
https://www.sk-landscapes.com,,enquiries@sklandscapes.co.uk,020 8462 7800
https://www.sentisum.com,,contact@sentisum.com,
https://www.eagledesign.net,,,
https://www.radioactivepromotions.co.uk,,info@radioactivepromotions.co.uk,
https://www.verveproductions.co.uk,,enquiries@verveproductions.co.uk,208 560 2056
https://www.mrchippyyork.co.uk,,672888info@mrchippyyork.co.uk,01904 672888
https://www.fertilityroad.com,,,
https://www.sinclairvans.co.uk,,,02920 492100
https://www.erikapineros.com,,contact@erikapineros.com,+85589679072
https://www.seenit.io,,,
https://www.northgatevehiclehire.co.uk,,,0344 947 1710
https://www.trederwensprings.co.uk,,USwater@trederwensprings.co.uk,1691 829106
https://www.drewbuckleyphotography.com,,,07725518445
https://www.elitesportsuk.com,,,
https://www.priorandwillisantiques.co.uk,,mark@priorandwillis.co.uk,+44 7866 705199
https://www.woollybabs.com,,,0113 2506943
https://www.zumajay.co.uk,,,01288 354956
https://www.jupitercreativemedia.co.uk,,,
https://www.sjacymru.org.uk,,,
https://www.depinna.com,,2900info@depinna.co.uk,207 208 2900
https://www.miketibbatts.co.uk,,mike@miketibbatts.co.uk,020 3915 2979
https://www.pj-signs.com,,,
https://www.maxeyewear.com,,office@maxeyewear.com,20 8704 0033
https://www.bluemonkeyweb.com,,,07932-795012
https://www.durhambox.co.uk,,sales@durhambox.co.uk,01388 604024
https://www.exquisite-salon.co.uk,,info@exquisite-salon.co.uk,01263 731173
https://www.whiteblancmange.com,,info@whiteblancmange.com,+44 2032 392244
https://www.portogramltd.co.uk,,sales@portogramltd.co.uk,01773 825000
https://www.hillsounduk.com,,,020 8977 7788
https://www.caremeds.co.uk,,,1794 400 100
https://www.marsdencontractservices.co.uk,,,
https://www.pescodsquare.com,,,
https://www.jbrcapital.com,,info@jbrcapital.com,020 3355 0035
https://www.supremesunbeds.co.uk,,,01204 844111
https://www.bossdriving.co.uk,,bossdrivingschool@hotmail.co.uk,01708 521339
https://www.cooksandpartners.co.uk,,enquiries@cooksandpartners.co.uk,020 7731 5282
https://www.floatglassdesign.co.uk,,info@floatglassdesign.co.ukWe,01273 622176
https://www.letterboxdistribution.com,"Unit 65, Lancaster Road Industrial Estate, Lancaster Road, Barnet, Hertfordshire. EN4 8AS",enquiries@letterboxdistribution.com,020 8440 0400
https://www.mamaowl.net,,,
https://www.inoapps.com,,info@inoapps.com,0870 112 2000
https://www.redkitebaby.co.uk,,,01454 326 555
https://www.cablemonkey.co.uk,,500emailsales@cablemonkey.co.ukHome,01376 333 500
https://www.burotec.co.uk,,,
https://www.teetransfers.co.uk,,,2008 - 2024
https://www.wildflowers.co.uk,,office@wildflowers.co.uk,01603716615
https://www.macaroonjewellery.co.uk,,,
https://www.brc.ltd.uk,,websales@brc.ltd.uk,
https://www.mobileppl.uk,,info@mobileppl.uk,871 789 8181
https://www.schooladvice.co.uk,,,
https://www.tonydagostino.co.uk,,,15418530 -  2008 - 2024
https://www.hytera-europe.com,,,
https://www.duckbarn.co.uk,,255977info@duckbarn.co.uk,01483 255977
https://www.modu-europe.com,,sales@modu-europe.com,1252 369818
https://www.basiccharity.org.uk,,enquiries@basiccharity.org.uk,0161 707 6441
https://www.sportabroad.co.uk,,,
https://www.trlibdems.org.uk,,data.protection@libdems.org.uk,
https://www.cardinalpointstrategies.com,,richardb@cpsinc.us,+44 7973 321 297
https://www.nugentbuilders.co.uk,,01452538900enquiries@nugentbuilders.co.ukGloucester,01452538900
https://www.browntroutinn.com,,,02870 868209
https://www.v-maxx.co.uk,,,
https://www.ct-engineering.co.uk,C&T Engineering Ltd Unit 1B Oldmixon Crescent Oldmixon Trading Estate Weston-Super-Mare North Somerset BS24 9AX,sales@ct-engineering.co.uk,01934 419296
https://www.acmmosconsultancy.co.uk,,info@acmmosconsultancy.co.uk,
https://www.maritimedevelopments.com,,hello@maritimedevelopments.com,+44 1224 252900
https://www.queensberryrealestate.com,,info@queensberryrealestate.comFrameworks,
https://www.bedmaxshavings.com,,,+44 1668 213467
https://www.londontaxiadvertising.com,,,0203 411 1777
https://www.cybertrax.net,,,
https://www.marubeni-komatsu.co.uk,,,03301 234 441
https://www.tiddley-pom.com,,,
https://www.royalegraphics.co.uk,,sales@royalegraphics.co.uk,0115 949 1880
https://www.coralbay.tv,,info@coralbay.tv,+44 113 873 0002
https://www.finderskeepersrecords.com,,,
https://www.calderengineering.co.uk,,admin@calderengineering.co.uk,1847 892122
https://www.thewoolroom.com,,,01780 461217
https://www.thefinancialfairytales.com,,,
https://www.flackleyashhotel.co.uk,,stay@flackleyashhotel.co.ukHow,1797 230651
https://www.djrmarketing.co.uk,,info@djrmarketing.co.uk,01902 716869
https://www.hivepharmacy.com,,hello@hivepharmacy.com,07828884035
https://www.jccars.co.uk,,,
https://www.clarkfoysterwines.co.uk,,sales@cfwines.co.uk,2023-09-18
https://www.dai-lewis.co.uk,,,01559 363401
https://www.slikmedia.co.uk,,info@slikmedia.co.uk,1327 315168
https://www.dragapp.com,,,
https://www.vizion4it.com,,support@vizion4it.com,01908 774 310
https://www.ricksedinburgh.co.uk,,,
https://www.crosslanehouse.com,,,
https://www.thebelfieldgroup.com,,info@thebelfieldgroup.com,115 907 1700
https://www.samstransport.co.uk,,,01788 571102
https://www.principio.co.uk,,uk@principio.co.uk,+44-7415990386
https://www.plus15.co.uk,,info@plus15.co.uk,0844 9021600
https://www.thesupplydesk.co.uk,,,
https://www.concreteplatform.com,,,
https://www.edgecumbe.co.uk,,enquiries@edgecumbe.co.uk,0117 332 8255
https://www.porterfieldbrakes.co.uk,,,01291 420 500
https://www.cotswoldcottageholidays.co.uk,,ascott@cotswoldholidays.co.uk,07525813669
https://www.intelligent-protection.co.uk,,info@intelligent-protection.co.uk,+44 207 4566740
https://www.tillylondon.com,,,
https://www.ilovebodega.com,,tacos@ilovebodega.com,0131 555 1423
https://www.radhanathswami.com,,,
https://www.dissertationproposal.co.uk,,info@dissertationproposal.co.uk,+44-207193-7705
https://www.surecps-group.com,,,+44 1279 505514
https://www.caritassalford.org.uk,,,
https://www.cornerfridge.com,,PolicySitemapinfo@cornerfridge.comCorner,+44 1302 759308
https://www.quadranet.co.uk,,info@quadranet.co.uk,1494 473 337
https://www.moderntyres.com,,,028 6632 2299
https://www.lodestar.org.uk,,info@lodestar.org.uk,01223 813 318
https://www.editorskeys.com,,,
https://www.healys.com,,,20 7822 4000
https://www.missionlimited.com,,info@missionlimited.com,208 977 0632
https://www.houseclearanceteam.co.uk,,,01273 964925
https://www.satchiuk.com,,,
https://www.bill-medical.co.uk,"Business Suite 2, East House,
33-41 Chiltern Avenue,
Amersham,
Buckinghamshire.
HP6 5AE",info@billmedical.co.uk,01494 416 411
https://www.ericht.co.uk,,stay@erichtholidaylodges.co.uk,07818671405
https://www.vcut.co.uk,,enquiry@vcut.co.uk,20 3092 1377
https://www.surreywildlifetrust.org,,,791 3799 78
https://www.snugglebundl.co.uk,,team@snugglebundl.co.ukTel,+441782 528611
https://www.motivationalleadership.co.uk,,info@motivationalleadership.co.uk,
https://www.ka-boukie.com,,,
https://www.affordablecleaning.co.uk,,sales@affordablecleaning.co.uk,01179696476
https://www.porthavallen.co.uk,,info@porthavallen.co.uk,01726 812802
https://www.arroll.co.uk,,,
https://www.vegetarianexpress.co.uk,,,
https://www.ansaltd.com,,claims@ansaltd.com,0330 555 4017
https://www.careerwise.com,,enquiries@careerwise.com,0208 655 7777
https://www.burrowfieldautos.com,,329001info@burrowfieldautos.co.uk,01707 393 017
https://www.exchequersolutions.co.uk,,info@exchequersolutions.co.uk,01244 500 195
https://www.proformbasketball.com,,,
https://www.henshaw.uk.com,,sales@henshaw.uk.com,131 337 4204
https://www.sgrcs.co.uk,,info@sgrcs.co.ukCopyright,01622 686 622
https://www.yucpc.org.uk,,,
https://www.thepheasant-keyston.co.uk,,,
https://www.atpi.org,,,
https://www.moreideas.co.uk,,,
https://www.combemill.co.uk,,,
https://www.essexcommunityfoundation.org.uk,,hello@essexcf.org.uk,01245 355947
https://www.sw-electrical.co.uk,,,01253 795050
https://www.cakesuppliers.co.uk,,sales@cabico-ltd.com,0845 604 8416
https://www.crossfitkirkintilloch.com,,,0141 286 0698
https://www.parallel.fi,,,
https://www.birdbrand.co.uk,,sales@birdbrand.co.uk,01842 828 101
https://www.thorntonlodgenorthyorkshire.co.uk,,,01969 663375
https://www.mackay.co.uk,,,01223 517000
